y_test,residuals,y_pred
21996.419921875,259.583984375,22256.004
22381.349609375,-219.328125,22162.021
22479.689453125,-22.61328125,22457.076
22417.009765625,119.103515625,22536.113
22235.890625,223.634765625,22459.525
22203.220703125,3.892578125,22207.113
21905.130859375,339.287109375,22244.418
21803.759765625,158.697265625,21962.457
21704.609375,160.75,21865.36
21464.05078125,310.5078125,21774.559
21309.849609375,263.427734375,21573.277
21274.369140625,64.734375,21339.104
21701.2109375,-391.201171875,21310.01
21872.060546875,-76.681640625,21795.379
21755.560546875,236.85546875,21992.416
21791.6796875,59.427734375,21851.107
21830.01953125,-40.05078125,21789.969
22040.58984375,-231.630859375,21808.959
22138.130859375,-68.9296875,22069.201
21919.619140625,277.30859375,22196.928
21999.619140625,14.44921875,22014.068
21882.150390625,159.69140625,22041.842
21914.400390625,41.2890625,21955.69
21327.119140625,666.7109375,21993.83
21188.720703125,241.083984375,21429.805
20980.810546875,337.59375,21318.404
20333.33984375,735.634765625,21068.975
20453.7109375,57.099609375,20510.81
19888.5,696.271484375,20584.771
19711.759765625,229.8359375,19941.596
19934.880859375,-87.41015625,19847.47
19817.41015625,292.767578125,20110.178
19520.76953125,365.21484375,19885.984
19237.44921875,359.98828125,19597.438
19635.810546875,-314.072265625,19321.738
18886.30078125,758.044921875,19644.346
18542.150390625,420.416015625,18962.566
19080.509765625,-294.517578125,18785.992
19340.140625,-136.50390625,19203.637
18860.80078125,632.0546875,19492.855
19052.44921875,-89.087890625,18963.361
19195.830078125,-62.798828125,19133.031
19683.109375,-433.271484375,19249.838
19595.5,122.54296875,19718.043
19446.83984375,171.00390625,19617.844
18991.58984375,533.892578125,19525.482
19183.08984375,-249.90625,18933.184
19288.169921875,-73.412109375,19214.758
18545.80078125,827.87890625,19373.68
18319.580078125,240.7265625,18560.307
18918.140625,-599.1640625,18318.977
19122.080078125,-161.90234375,18960.178
18924.5703125,333.74609375,19258.316
19363.080078125,-260.171875,19102.908
19285.5,197.62109375,19483.121
19464.08984375,-128.716796875,19335.373
19414.779296875,89.056640625,19503.836
19192.44921875,254.625,19447.074
18888.75,354.3359375,19243.086
19364.150390625,-389.416015625,18974.734
19111.9296875,357.16796875,19469.098
19407.4609375,-188.6484375,19218.812
20003.490234375,-527.33203125,19476.158
19941.759765625,158.33984375,20100.1
20176.69921875,-130.3203125,20046.379
20159.720703125,68.611328125,20228.332
20011.580078125,192.068359375,20203.648
19996.259765625,58.134765625,20054.395
19984.419921875,-7.958984375,19976.46
20199.599609375,-164.05859375,20035.541
20435.33984375,-185.900390625,20249.44
20288.76953125,218.568359375,20507.338
20257.69921875,91.150390625,20348.85
20503.810546875,-210.890625,20292.92
20671.630859375,-78.1875,20593.443
20684.150390625,89.0625,20773.213
20666.75,102.5859375,20769.336
20615.23046875,99.830078125,20715.06
20345.609375,299.3984375,20645.008
20366.30078125,14.5,20380.8
20803.390625,-405.666015625,20397.725
20776.69921875,99.107421875,20875.807
20498.919921875,371.884765625,20870.805
20177.0,433.95703125,20610.957
20206.669921875,12.12109375,20218.791
20266.05078125,-47.978515625,20218.072
20370.400390625,-57.359375,20313.041
20440.810546875,-38.345703125,20402.465
20504.439453125,-47.63671875,20456.803
21158.7109375,-634.84765625,20523.863
21337.810546875,-128.123046875,21209.688
21316.470703125,140.16796875,21456.639
21161.5,246.005859375,21407.506
21436.2109375,-320.779296875,21115.432
21236.310546875,180.28515625,21416.596
21622.25,-319.328125,21302.922
21467.0390625,228.27734375,21695.316
21304.439453125,163.71484375,21468.154
21407.26953125,-69.533203125,21337.736
21361.599609375,28.373046875,21389.973
21388.029296875,16.451171875,21404.48
21067.05078125,439.423828125,21506.475
20676.939453125,478.8671875,21155.807
20525.830078125,265.837890625,20791.668
20449.8203125,120.7734375,20570.594
20109.869140625,373.787109375,20483.656
20156.810546875,38.2890625,20195.1
20242.6796875,39.962890625,20282.643
20055.2890625,242.48046875,20297.77
19915.4609375,226.251953125,20141.713
19719.2890625,301.5859375,20020.875
19883.94921875,-92.6015625,19791.348
20118.80078125,-157.0625,19961.738
19826.41015625,324.669921875,20151.08
19694.330078125,169.349609375,19863.68
19852.19921875,-134.5390625,19717.66
19809.029296875,64.13671875,19873.166
19830.4296875,29.6640625,19860.094
20368.05078125,-492.869140625,19875.182
20397.109375,58.125,20455.234
20576.76953125,-123.572265625,20453.197
20629.390625,-30.83203125,20598.559
20815.08984375,-167.986328125,20647.104
20760.98046875,128.638671875,20889.62
20859.220703125,-47.955078125,20811.266
20947.240234375,-99.3359375,20847.904
21030.220703125,-42.841796875,20987.379
21328.240234375,-275.05078125,21053.19
21297.880859375,72.017578125,21369.898
21042.640625,299.326171875,21341.967
20512.990234375,604.982421875,21117.973
20387.529296875,151.494140625,20539.023
20467.51953125,-42.802734375,20424.717
20038.419921875,452.140625,20490.56
20169.98046875,-72.33984375,20097.64
20510.19921875,-218.26953125,20291.93
20668.439453125,-65.0703125,20603.37
20795.119140625,-52.0078125,20743.111
20868.33984375,-47.185546875,20821.154
20259.130859375,615.76953125,20874.9
20227.30078125,142.826171875,20370.127
20172.4609375,50.861328125,20223.322
20436.119140625,-371.9140625,20064.205
20794.369140625,-381.328125,20413.041
21059.19921875,-197.822265625,20861.377
20750.720703125,426.986328125,21177.707
20495.2890625,320.232421875,20815.521
20706.919921875,-240.5546875,20466.365
20564.169921875,125.25,20689.42
20880.5,-283.0546875,20597.445
21224.740234375,-200.98828125,21023.752
21322.369140625,21.263671875,21343.633
21561.060546875,-130.056640625,21431.004
21659.25,-70.470703125,21588.78
21803.1796875,-140.46484375,21662.715
21673.19921875,132.46484375,21805.664
21882.48046875,-205.310546875,21677.17
22000.490234375,-112.345703125,21888.145
21964.26953125,80.140625,22044.41
21993.439453125,2.69921875,21996.139
22129.73046875,-114.328125,22015.402
22218.990234375,-20.646484375,22198.344
22174.33984375,72.8046875,22247.145
21891.369140625,313.2890625,22204.658
22129.140625,-184.859375,21944.281
21739.119140625,472.4296875,22211.549
21832.23046875,-63.513671875,21768.717
22146.08984375,-269.103515625,21876.986
22494.759765625,-305.4765625,22189.283
22465.609375,88.73828125,22554.348
22492.4296875,29.330078125,22521.76
22580.55078125,-25.291015625,22555.26
22766.91015625,-142.669921875,22624.24
22932.509765625,-102.9375,22829.572
22910.83984375,89.638671875,23000.479
22799.779296875,173.767578125,22973.547
23023.16015625,-137.80859375,22885.352
22937.220703125,200.91015625,23138.13
22997.91015625,50.91796875,23048.828
22998.9296875,41.900390625,23040.83
22820.779296875,165.958984375,22986.738
22814.94921875,59.07421875,22874.023
22909.5390625,-16.87890625,22892.66
22821.33984375,160.552734375,22981.893
23016.109375,-132.193359375,22883.916
22976.880859375,111.40234375,23088.283
23162.33984375,-106.130859375,23056.209
23266.69921875,-56.474609375,23210.225
23649.55078125,-355.2890625,23294.262
23787.6796875,-65.548828125,23722.13
23741.810546875,57.708984375,23799.52
23919.33984375,-145.919921875,23773.42
24099.69921875,-190.40234375,23909.297
23290.599609375,866.330078125,24156.93
23215.759765625,151.216796875,23366.977
23190.640625,147.19921875,23337.84
23335.58984375,-69.732421875,23265.857
23550.44921875,-123.142578125,23427.307
23530.859375,104.365234375,23635.225
23669.900390625,-82.041015625,23587.86
23759.80078125,-71.44921875,23688.352
23686.48046875,178.765625,23865.246
23317.919921875,490.712890625,23808.633
23571.900390625,-177.650390625,23394.25
23619.650390625,-25.59765625,23594.053
23739.470703125,-149.873046875,23589.598
23297.150390625,486.705078125,23783.855
23584.4296875,-220.435546875,23363.994
23689.439453125,-34.953125,23654.486
23788.310546875,-80.7421875,23707.568
23952.5,-124.140625,23828.36
23851.8203125,137.51171875,23989.332
23549.51953125,346.521484375,23896.041
23407.05078125,277.505859375,23684.557
23031.30078125,439.984375,23471.285
23233.310546875,-135.78125,23097.53
23037.5390625,267.705078125,23305.244
23394.390625,-315.203125,23079.188
23304.970703125,139.09375,23444.064
23374.400390625,-28.58984375,23345.81
23604.080078125,-133.333984375,23470.746
23565.109375,51.04296875,23616.152
23325.4296875,272.474609375,23597.904
23132.349609375,228.302734375,23360.652
22954.810546875,216.33203125,23171.143
22934.5390625,86.59765625,23021.137
23147.0703125,-168.11328125,22978.957
22810.5,403.27734375,23213.777
22683.509765625,182.91796875,22866.428
22642.619140625,111.57421875,22754.193
22801.400390625,-116.71484375,22684.686
22909.470703125,-61.62109375,22847.85
22415.189453125,560.576171875,22975.766
22839.109375,-275.21484375,22563.895
22531.08984375,478.82421875,23009.914
22222.220703125,350.166015625,22572.387
22323.91015625,-64.509765625,22259.4
22280.529296875,70.099609375,22350.629
22262.880859375,122.130859375,22385.012
22344.2109375,11.74609375,22355.957
22357.779296875,-2.970703125,22354.809
22678.0703125,-279.36328125,22398.707
22676.689453125,69.01953125,22745.709
22608.490234375,159.810546875,22768.3
22723.44921875,-82.044921875,22641.404
22830.5703125,-111.408203125,22719.162
22737.0703125,150.40625,22887.477
22789.76953125,28.453125,22818.223
22878.23046875,-11.17578125,22867.055
22564.8203125,413.34765625,22978.168
22505.55078125,162.1640625,22667.715
22675.150390625,-115.6875,22559.463
22800.919921875,-84.78515625,22716.135
22861.83984375,1.98046875,22863.82
22760.98046875,233.029296875,22994.01
22433.01953125,414.533203125,22847.553
22446.69921875,110.849609375,22557.549
22456.619140625,55.19140625,22511.81
22059.400390625,486.171875,22545.572
22020.75,166.626953125,22187.377
21832.6796875,287.30078125,22119.98
21729.060546875,140.4921875,21869.553
21809.80078125,-14.25,21795.55
21636.19921875,252.533203125,21888.732
21574.759765625,163.748046875,21738.508
21754.740234375,-99.107421875,21655.633
21790.91015625,15.66796875,21806.578
22000.560546875,-184.5234375,21816.037
22150.400390625,-104.3359375,22046.064
22134.470703125,20.9140625,22155.385
22456.689453125,-306.439453125,22150.25
22503.009765625,-7.859375,22495.15
22558.689453125,2.431640625,22561.121
22744.849609375,-124.798828125,22620.05
22935.349609375,-180.205078125,22755.145
22829.01953125,117.583984375,22946.604
22937.380859375,-55.685546875,22881.695
22718.150390625,271.748046875,22989.898
22840.970703125,-76.953125,22764.018
23098.259765625,-218.97265625,22879.287
23049.9609375,86.103515625,23136.064
22885.91015625,204.17578125,23090.086
22898.51953125,35.513671875,22934.033
22949.859375,13.28515625,22963.145
23049.119140625,-44.54296875,23004.576
23374.169921875,-264.171875,23109.998
23360.779296875,67.595703125,23428.375
23318.390625,75.630859375,23394.021
23184.51953125,107.640625,23292.16
23129.2109375,92.919921875,23222.13
23348.240234375,-186.703125,23161.537
23331.5703125,49.00390625,23380.574
23485.130859375,-104.552734375,23380.578
23525.140625,-12.005859375,23513.135
23574.98046875,23.236328125,23598.217
23710.98046875,-33.607421875,23677.373
23703.009765625,52.36328125,23755.373
23994.869140625,-276.43359375,23718.436
24107.69921875,-52.236328125,24055.463
24033.740234375,159.849609375,24193.59
24146.080078125,-48.560546875,24097.52
23963.630859375,175.69140625,24139.322
24201.9609375,-201.044921875,24000.916
24114.859375,132.037109375,24246.896
23965.69921875,199.20703125,24164.906
23925.05078125,122.6953125,24047.746
23740.73046875,253.876953125,23994.607
23776.490234375,68.212890625,23844.703
23728.0703125,145.609375,23873.68
23552.720703125,339.666015625,23892.387
23596.279296875,90.22265625,23686.502
23681.0703125,-2.408203125,23678.662
23782.26953125,-65.78125,23716.488
23501.560546875,310.0625,23811.623
23568.669921875,-6.763671875,23561.906
23829.669921875,-212.478515625,23617.191
23827.94921875,26.779296875,23854.729
23792.849609375,100.513671875,23893.363
24288.279296875,-462.611328125,23825.668
24309.9296875,-12.9921875,24296.938
24501.990234375,-117.73046875,24384.26
24593.119140625,-49.439453125,24543.68
24320.41015625,263.8046875,24584.215
24327.69921875,-7.19921875,24320.5
24358.26953125,1.505859375,24359.775
24193.69921875,196.3046875,24390.004
24345.869140625,-61.96875,24283.9
24392.05078125,-0.880859375,24391.17
24301.08984375,152.8046875,24453.895
24111.58984375,283.0234375,24394.613
24261.48046875,-48.283203125,24213.197
24400.80078125,-84.98046875,24315.82
24273.720703125,160.330078125,24434.05
24267.30078125,83.74609375,24351.047
24262.1796875,-7.85546875,24254.324
24088.4609375,190.00390625,24278.465
24313.5,-161.619140625,24151.88
24261.66015625,77.025390625,24338.686
23924.5390625,346.09375,24270.633
23825.880859375,187.935546875,24013.816
24056.98046875,-172.640625,23884.34
24042.01953125,27.88671875,24069.906
24139.48046875,-38.40234375,24101.078
24455.939453125,-255.212890625,24200.727
24578.4296875,-92.728515625,24485.701
24698.48046875,-76.52734375,24621.953
24615.130859375,93.546875,24708.678
24696.130859375,-74.826171875,24621.305
24683.880859375,34.064453125,24717.945
24476.349609375,221.2734375,24697.623
24577.91015625,-58.0,24519.91
24889.029296875,-270.828125,24618.201
25015.419921875,-140.78125,24874.639
25125.55078125,-51.90625,25073.645
25156.33984375,34.65234375,25190.992
25371.58984375,-200.404296875,25171.186
25335.939453125,37.2734375,25373.213
25293.630859375,60.466796875,25354.098
25136.51953125,190.48828125,25327.008
25174.869140625,-27.232421875,25147.637
25391.33984375,-206.794921875,25184.545
25403.150390625,3.662109375,25406.812
25428.5,18.482421875,25446.982
25630.779296875,-183.234375,25447.545
25639.26953125,3.556640625,25642.826
25701.630859375,-30.044921875,25671.586
25660.650390625,48.37890625,25709.03
25809.220703125,-94.212890625,25715.008
25924.05078125,-64.6875,25859.363
25862.990234375,73.86328125,25936.854
25997.140625,-94.103515625,25903.037
25974.16015625,16.978515625,25991.139
26063.060546875,-92.671875,25970.389
26030.2890625,46.837890625,26077.127
25708.0390625,335.2109375,26043.25
25852.099609375,-57.37890625,25794.72
25875.900390625,-21.904296875,25853.996
25565.33984375,292.5625,25857.902
25626.490234375,8.208984375,25634.7
25924.55078125,-228.318359375,25696.232
25843.0390625,94.439453125,25937.479
25694.580078125,201.4453125,25896.025
25674.529296875,83.923828125,25758.453
25670.05078125,56.173828125,25726.225
25871.890625,-176.416015625,25695.475
25839.990234375,41.8515625,25881.842
25683.5,168.8203125,25852.32
25965.419921875,-234.67578125,25730.744
25764.580078125,219.232421875,25983.812
25784.169921875,-23.0078125,25761.162
25389.009765625,377.3515625,25766.361
25521.970703125,-77.126953125,25444.844
25465.220703125,88.3515625,25553.572
25340.849609375,128.837890625,25469.688
25500.060546875,-117.9609375,25382.1
25877.640625,-342.53125,25535.11
26043.640625,-141.02734375,25902.613
26346.169921875,-238.103515625,26108.066
26389.23046875,16.1953125,26405.426
26470.580078125,-87.45703125,26383.123
26524.939453125,-40.212890625,26484.727
26672.16015625,-159.384765625,26512.775
26740.2109375,-87.841796875,26652.37
26706.08984375,12.37109375,26718.46
26846.830078125,-121.478515625,26725.352
26852.05078125,-4.748046875,26847.303
26941.01953125,-100.2109375,26840.809
27131.169921875,-180.6171875,26950.553
26979.390625,162.580078125,27141.97
27323.990234375,-363.732421875,26960.258
27540.23046875,-263.1328125,27277.098
27607.380859375,-125.798828125,27481.582
27531.009765625,107.029296875,27638.04
27562.6796875,-53.98828125,27508.691
27690.359375,-170.306640625,27520.053
27854.91015625,-194.861328125,27660.049
27757.08984375,57.49609375,27814.586
27444.0,279.546875,27723.547
26883.509765625,583.001953125,27466.512
27250.23046875,-289.04296875,26961.188
27174.9609375,64.732421875,27239.693
27409.0703125,-197.544921875,27211.525
27344.220703125,129.740234375,27473.96
27047.5703125,329.037109375,27376.607
27154.6796875,-63.97265625,27090.707
27401.669921875,-271.498046875,27130.172
27518.599609375,-90.09375,27428.506
27848.16015625,-255.416015625,27592.744
27863.2890625,17.96875,27881.258
27765.009765625,133.33984375,27898.35
28094.609375,-360.830078125,27733.78
27970.30078125,41.8828125,28012.184
27953.16015625,-30.724609375,27922.436
27740.259765625,243.931640625,27984.191
27741.349609375,-21.044921875,27720.305
27613.759765625,133.703125,27747.463
27522.919921875,53.224609375,27576.145
27668.470703125,-66.27734375,27602.193
27955.130859375,-239.537109375,27715.594
27972.240234375,-19.703125,27952.537
27894.080078125,83.658203125,27977.738
27777.19921875,108.810546875,27886.01
27807.58984375,-39.8671875,27767.723
28159.76953125,-395.6484375,27764.121
28051.41015625,60.328125,28111.738
28127.80078125,-77.763671875,28050.037
28110.330078125,6.287109375,28116.617
27880.529296875,188.900390625,28069.43
27500.33984375,349.751953125,27850.092
27513.009765625,23.4609375,27536.47
27642.4296875,-132.939453125,27509.49
27421.599609375,170.8671875,27592.467
27554.30078125,-83.623046875,27470.678
28173.2109375,-600.828125,27572.383
28379.1796875,-248.44921875,28130.73
28458.0390625,-36.724609375,28421.314
28326.58984375,138.10546875,28464.695
28490.830078125,-175.443359375,28315.387
28389.5703125,13.126953125,28402.697
28459.029296875,-100.37890625,28358.65
28476.4296875,-4.78515625,28471.645
28692.80078125,-266.2890625,28426.512
28697.490234375,-11.275390625,28686.215
28711.759765625,-29.189453125,28682.57
28159.08984375,514.669921875,28673.76
28487.240234375,-250.517578125,28236.723
28305.880859375,223.62109375,28529.502
28154.970703125,143.7109375,28298.682
28302.890625,-92.45703125,28210.434
28202.380859375,76.091796875,28278.473
28438.849609375,-262.009765625,28176.84
28336.189453125,91.41015625,28427.6
28245.5390625,161.23046875,28406.77
28594.060546875,-305.44921875,28288.611
28518.640625,22.25390625,28540.895
28603.609375,-115.62109375,28487.988
28596.80078125,-4.212890625,28592.588
28994.33984375,-515.00390625,28479.336
28907.599609375,22.96484375,28930.564
29136.5703125,-252.599609375,28883.97
29120.919921875,-20.087890625,29100.832
29182.1796875,-129.75390625,29052.426
29152.119140625,-29.5546875,29122.564
28851.689453125,265.298828125,29116.988
29018.759765625,-144.146484375,28874.613
29199.0390625,-203.109375,28995.93
29260.310546875,-79.404296875,29180.906
29818.0703125,-584.826171875,29233.244
30003.490234375,-298.84375,29704.646
29707.939453125,243.3125,29951.252
29866.3203125,-107.6328125,29758.688
29686.189453125,107.177734375,29793.367
29680.849609375,-96.498046875,29584.352
29623.830078125,-60.703125,29563.127
29177.349609375,397.724609375,29575.074
29074.240234375,100.30859375,29174.549
29138.279296875,-17.68359375,29120.596
28842.80078125,260.361328125,29103.162
28224.80078125,595.626953125,28820.428
28303.189453125,42.767578125,28345.957
28639.849609375,-258.02734375,28381.822
28965.2890625,-371.17578125,28594.113
28793.880859375,105.802734375,28899.684
29222.099609375,-422.529296875,28799.57
29166.380859375,-10.33984375,29156.041
28848.109375,243.296875,29091.406
29050.41015625,-230.462890625,28819.947
29253.66015625,-276.935546875,28976.725
29234.08984375,-50.685546875,29183.404
29367.060546875,-168.509765625,29198.55
29578.009765625,-292.748046875,29285.262
29597.66015625,-125.9296875,29471.73
29863.7109375,-323.005859375,29540.705
29919.150390625,-128.150390625,29791.0
30515.310546875,-690.984375,29824.326
30560.94921875,-179.71875,30381.23
30736.48046875,-277.462890625,30459.018
30814.640625,-143.458984375,30671.182
30899.529296875,-191.294921875,30708.234
31011.41015625,-244.078125,30767.332
31073.720703125,-204.46875,30869.252
31120.390625,-138.71484375,30981.676
31412.5390625,-416.8125,30995.727
31338.869140625,-83.078125,31255.791
31904.75,-590.30078125,31314.45
31983.41015625,-186.6796875,31796.73
32121.939453125,-361.568359375,31760.371
32254.890625,-254.337890625,32000.553
32393.41015625,-324.66015625,32068.75
32930.69921875,-764.330078125,32166.37
32958.69140625,-254.32421875,32704.367
32654.44921875,119.3359375,32773.785
33154.12109375,-557.767578125,32596.354
32966.890625,29.1640625,32996.055
32607.2890625,281.87890625,32889.168
32887.26953125,-300.34765625,32586.922
32642.08984375,10.107421875,32652.197
32601.779296875,-80.232421875,32521.547
32245.220703125,255.912109375,32501.133
30595.419921875,1422.158203125,32017.578
30323.19921875,240.4375,30563.637
30451.26953125,167.388671875,30618.658
29507.419921875,1065.00390625,30572.424
29459.630859375,17.15625,29476.787
29839.529296875,-292.1640625,29547.365
30515.599609375,-612.484375,29903.115
31115.4296875,-618.615234375,30496.814
30873.630859375,125.326171875,30998.957
31431.890625,-562.193359375,30869.697
30965.6796875,329.02734375,31294.707
31267.169921875,-449.55078125,30817.62
31498.599609375,-289.931640625,31208.668
31268.66015625,86.939453125,31355.6
30844.720703125,457.771484375,31302.492
31044.25,-205.83203125,30838.418
30583.44921875,269.625,30853.074
29886.390625,492.21484375,30378.605
30510.73046875,-512.9453125,29997.785
30196.919921875,290.3671875,30487.287
30654.51953125,-441.451171875,30213.068
30996.2109375,-379.650390625,30616.56
31594.330078125,-736.205078125,30858.125
31601.44921875,-115.619140625,31485.83
31435.009765625,71.603515625,31506.613
31541.099609375,-284.455078125,31256.645
31501.970703125,-223.427734375,31278.543
31513.759765625,-236.544921875,31277.215
31549.9296875,-181.796875,31368.133
31414.51953125,-96.130859375,31318.389
31071.05078125,312.158203125,31383.209
30309.2890625,845.537109375,31154.826
30548.76953125,-366.919921875,30181.85
30790.830078125,-491.189453125,30299.64
30022.529296875,654.1015625,30676.63
30093.380859375,37.939453125,30131.32
30180.099609375,-98.326171875,30081.773
29518.689453125,513.583984375,30032.273
29844.939453125,-251.494140625,29593.445
30229.580078125,-351.173828125,29878.406
30728.740234375,-546.09375,30182.646
30897.7109375,-284.4140625,30613.297
30831.279296875,-67.18359375,30764.096
30808.380859375,-58.66015625,30749.72
30315.58984375,432.658203125,30748.248
30062.75,252.19140625,30314.941
30284.25,-168.275390625,30115.975
30708.439453125,-461.259765625,30247.18
30418.330078125,242.587890625,30660.918
30254.400390625,177.94140625,30432.342
30636.240234375,-402.1796875,30234.06
30328.150390625,170.736328125,30498.887
30007.6796875,219.220703125,30226.9
30280.669921875,-251.306640625,30029.363
30808.44921875,-596.599609375,30211.85
30723.880859375,-17.501953125,30706.379
30313.369140625,308.513671875,30621.883
29926.5,276.740234375,30203.24
29994.259765625,-106.953125,29887.307
30402.810546875,-458.220703125,29944.59
30536.140625,-223.4140625,30312.727
30809.220703125,-386.224609375,30422.996
31122.060546875,-400.388671875,30721.672
31541.080078125,-489.521484375,31051.559
31152.029296875,305.033203125,31457.062
31110.19921875,14.765625,31124.965
30942.150390625,50.46875,30992.62
31047.91015625,-170.298828125,30877.611
31234.349609375,-226.025390625,31008.324
30665.640625,532.345703125,31197.986
30760.41015625,-56.978515625,30703.432
30588.0390625,133.45703125,30721.496
30792.259765625,-320.7734375,30471.486
30484.580078125,209.298828125,30693.879
30056.7890625,371.208984375,30427.998
30468.560546875,-447.837890625,30020.723
30492.91015625,-101.4921875,30391.418
30997.98046875,-543.33984375,30454.64
31093.44921875,-182.431640625,30911.018
31259.099609375,-321.0546875,30938.045
31512.630859375,-378.26953125,31134.361
30958.2109375,394.921875,31353.133
31063.69921875,-132.56640625,30931.133
31103.060546875,-118.9453125,30984.115
30725.150390625,234.98828125,30960.139
30440.169921875,235.845703125,30676.016
30309.490234375,135.1328125,30444.623
29468.150390625,837.646484375,30305.797
29696.169921875,-170.28125,29525.889
29296.05078125,442.685546875,29738.736
29338.69921875,-17.853515625,29320.846
28961.390625,390.037109375,29351.428
28881.400390625,97.728515625,28979.129
28356.259765625,522.21484375,28878.475
28497.3203125,-40.169921875,28457.15
28955.109375,-422.216796875,28532.893
28545.5703125,303.8359375,28849.406
28241.669921875,145.96484375,28387.635
28182.08984375,100.375,28282.465
28315.619140625,-199.62109375,28115.998
28688.5,-429.419921875,28259.08
28682.25,1.54296875,28683.793
28311.689453125,437.16015625,28748.85
28480.830078125,-224.15234375,28256.678
28525.439453125,-161.32421875,28364.115
28539.66015625,-45.328125,28494.332
28181.6796875,361.72265625,28543.402
28117.419921875,75.79296875,28193.213
28010.859375,159.869140625,28170.729
28224.48046875,-142.94921875,28081.531
28256.119140625,-53.716796875,28202.402
28662.5703125,-423.5,28239.07
28920.900390625,-300.640625,28620.26
28781.140625,67.390625,28848.531
28804.279296875,-30.8046875,28773.475
28733.130859375,-8.796875,28724.334
28583.009765625,40.623046875,28623.633
28340.740234375,180.294921875,28521.035
27714.560546875,676.11328125,28390.674
27676.3203125,136.294921875,27812.615
27819.560546875,-105.671875,27713.889
28248.880859375,-387.931640625,27860.95
28359.140625,-131.5703125,28227.57
28607.30078125,-277.91015625,28329.39
28366.619140625,203.5234375,28570.143
27936.5703125,375.84375,28312.414
27752.9296875,146.259765625,27899.19
27323.58984375,355.650390625,27679.24
27100.060546875,273.8828125,27373.943
27213.41015625,-42.5546875,27170.855
27598.01953125,-370.19921875,27227.82
27752.7890625,-174.20703125,27578.582
27927.580078125,-233.572265625,27694.008
27790.4609375,77.814453125,27868.275
27671.869140625,105.75390625,27777.623
28271.26953125,-611.91796875,27659.352
28351.619140625,-152.330078125,28199.29
28416.439453125,-54.763671875,28361.676
28164.05078125,248.71875,28412.77
27888.55078125,276.517578125,28165.068
27712.5390625,141.2734375,27853.812
27973.33984375,-326.615234375,27646.725
27243.849609375,637.5,27881.35
26974.8203125,317.306640625,27292.127
26973.470703125,107.544921875,27081.016
26613.419921875,365.365234375,26978.785
26422.55078125,239.189453125,26661.74
26345.0390625,155.826171875,26500.865
27014.490234375,-635.306640625,26379.184
27286.41015625,-240.17578125,27046.234
26932.849609375,361.248046875,27294.098
27084.66015625,-173.10546875,26911.555
27407.369140625,-419.8984375,26987.47
27477.669921875,-151.619140625,27326.05
27953.580078125,-480.5703125,27473.01
27499.390625,428.234375,27927.625
27816.869140625,-312.9765625,27503.893
27715.669921875,116.5859375,27832.256
27788.51953125,-96.931640625,27691.588
27126.380859375,680.85546875,27807.236
27091.259765625,130.84375,27222.104
26623.869140625,512.068359375,27135.938
26572.5703125,45.677734375,26618.248
26202.5703125,412.228515625,26614.799
26172.91015625,147.330078125,26320.24
26193.0703125,124.48828125,26317.559
25266.369140625,1029.693359375,26296.062
25801.490234375,-502.888671875,25298.602
25445.060546875,323.65625,25768.717
25462.259765625,-34.25,25428.01
25454.55078125,107.751953125,25562.303
25561.400390625,-54.423828125,25506.977
26153.150390625,-554.328125,25598.822
25346.55078125,755.880859375,26102.432
25249.779296875,187.021484375,25436.8
24994.4609375,409.13671875,25403.598
24717.630859375,202.765625,24920.396
24812.0390625,-72.48828125,24739.55
24585.529296875,287.6796875,24873.209
24979.689453125,-241.865234375,24737.824
25416.0,-365.412109375,25050.588
26486.349609375,-1013.1484375,25473.201
25934.390625,587.56640625,26521.957
26120.9609375,-195.849609375,25925.111
26147.689453125,-111.474609375,26036.215
26227.720703125,-109.306640625,26118.414
25601.919921875,693.591796875,26295.512
25633.1796875,38.154296875,25671.334
25792.869140625,-130.958984375,25661.91
25654.4296875,-3.658203125,25650.771
26103.33984375,-497.51953125,25605.82
26183.529296875,-80.30859375,26103.22
26372.0,-247.07421875,26124.926
25840.33984375,498.541015625,26338.88
25971.470703125,-133.041015625,25838.43
26019.41015625,-131.552734375,25887.857
25927.6796875,3.32421875,25931.004
26376.1796875,-439.857421875,25936.322
26331.9609375,31.654296875,26363.615
26682.560546875,-366.078125,26316.482
26451.029296875,200.654296875,26651.684
26506.75,-8.935546875,26497.814
27182.0390625,-588.6171875,26593.422
27260.439453125,-36.5,27223.94
26819.6796875,439.310546875,27258.99
26156.380859375,599.205078125,26755.586
26063.759765625,0.525390625,26064.285
25752.380859375,349.0234375,26101.404
25771.669921875,3.884765625,25775.555
26186.7109375,-412.357421875,25774.354
26524.349609375,-331.96484375,26192.385
26094.7890625,480.4921875,26575.281
26087.98046875,41.423828125,26129.404
25814.25,270.392578125,26084.643
25865.390625,-20.916015625,25844.475
25623.529296875,273.69140625,25897.22
25753.419921875,-99.412109375,25654.008
25651.380859375,80.873046875,25732.254
25478.880859375,92.66015625,25571.541
25504.19921875,46.888671875,25551.088
25845.69921875,-274.736328125,25570.963
25130.349609375,742.451171875,25872.8
25064.359375,199.802734375,25264.162
25626.029296875,-448.98046875,25177.049
25835.69921875,-306.63671875,25529.062
25875.44921875,-31.02734375,25844.422
26462.3203125,-523.8203125,25938.5
26521.4296875,-14.548828125,26506.88
26667.26953125,-170.9765625,26496.293
26298.330078125,316.951171875,26615.281
26830.2890625,-544.931640625,26285.357
26902.099609375,-115.009765625,26787.09
26755.630859375,47.7734375,26803.404
27090.810546875,-303.69140625,26787.12
27196.5390625,-95.806640625,27100.732
27005.44921875,195.12890625,27200.578
27008.19921875,7.416015625,27015.615
27120.98046875,-116.732421875,27004.248
27569.189453125,-526.65234375,27042.537
27576.9609375,-48.75390625,27528.207
27531.6796875,72.056640625,27603.736
27642.849609375,-131.275390625,27511.574
27942.470703125,-403.248046875,27539.223
27930.740234375,-23.1953125,27907.545
27990.2109375,-25.646484375,27964.564
27946.3203125,21.1875,27967.508
28143.83984375,-330.322265625,27813.518
28171.330078125,-149.265625,28022.064
28497.58984375,-408.310546875,28089.28
28432.05078125,3.150390625,28435.201
27900.83984375,441.708984375,28342.549
28347.009765625,-448.833984375,27898.176
28228.130859375,108.939453125,28337.07
28514.05078125,-279.599609375,28234.451
28629.919921875,-79.6328125,28550.287
28816.30078125,-238.169921875,28578.13
28959.30078125,-266.2890625,28693.012
28772.060546875,84.244140625,28856.305
28757.439453125,52.533203125,28809.973
28633.1796875,155.55078125,28788.73
28812.169921875,-174.369140625,28637.8
28959.58984375,-195.369140625,28764.22
28961.599609375,-5.94140625,28955.658
29037.599609375,-120.080078125,28917.52
28779.44921875,191.978515625,28971.428
28228.419921875,536.19921875,28764.62
28503.30078125,-235.646484375,28267.654
28920.869140625,-453.998046875,28466.871
28807.44921875,29.146484375,28836.596
28851.390625,-58.251953125,28793.139
29012.259765625,-199.873046875,28812.387
29409.009765625,-421.083984375,28987.926
29466.279296875,-152.359375,29313.92
29320.970703125,42.265625,29363.236
29071.560546875,187.693359375,29259.254
29113.359375,-38.650390625,29074.709
28523.349609375,553.033203125,29076.383
28566.91015625,-89.49609375,28477.414
28728.25,-201.2421875,28527.008
28775.2109375,-101.802734375,28673.408
29051.359375,-334.0,28717.36
29562.01953125,-567.7578125,28994.262
29624.669921875,-92.30078125,29532.37
29986.390625,-397.056640625,29589.334
29936.3203125,-41.775390625,29894.545
30077.150390625,-267.703125,29809.447
30157.490234375,-160.46484375,29997.025
30119.560546875,-43.142578125,30076.418
29839.44921875,150.77734375,29990.227
29909.759765625,-110.205078125,29799.555
29810.720703125,16.01171875,29826.732
30129.869140625,-297.2890625,29832.58
30124.6796875,-55.572265625,30069.107
29963.259765625,51.5234375,30014.783
29963.240234375,-54.185546875,29909.055
29805.830078125,61.111328125,29866.941
29549.80078125,209.822265625,29759.623
29605.009765625,-27.984375,29577.025
29892.810546875,-342.47265625,29550.338
29699.109375,85.328125,29784.438
29944.1796875,-309.65234375,29634.527
30081.55078125,-224.5234375,29857.027
29209.8203125,674.40234375,29884.223
29363.01953125,-296.705078125,29066.314
29003.19921875,303.3125,29306.512
28311.0703125,635.044921875,28946.115
28550.240234375,-147.01171875,28403.229
28122.01953125,474.634765625,28596.654
28268.7109375,-220.279296875,28048.432
28275.0703125,-6.287109375,28268.783
27946.4609375,274.986328125,28221.447
27787.609375,236.138671875,28023.748
27657.240234375,194.75390625,27851.994
27705.939453125,7.783203125,27713.723
27267.130859375,460.455078125,27727.586
27353.9296875,-54.3828125,27299.547
27288.08984375,115.44140625,27403.531
27390.810546875,-127.6484375,27263.162
27235.7109375,172.255859375,27407.967
27114.880859375,186.55078125,27301.432
26901.08984375,246.830078125,27147.92
26893.859375,53.8671875,26947.727
26761.51953125,125.3671875,26886.887
26895.439453125,-98.37890625,26797.06
26965.279296875,27.60546875,26992.885
27578.640625,-564.6875,27013.953
27789.33984375,-223.669921875,27565.67
27308.4609375,450.060546875,27758.521
27294.7109375,29.615234375,27324.326
27118.349609375,72.541015625,27190.89
27227.16015625,-161.611328125,27065.549
27498.76953125,-189.51953125,27309.25
28202.140625,-710.69140625,27491.45
28550.4296875,-343.396484375,28207.033
28473.7109375,73.1796875,28546.89
28513.0,-80.806640625,28432.193
28185.98046875,280.01171875,28465.992
28221.98046875,-100.078125,28121.902
28621.419921875,-451.26953125,28170.15
28542.619140625,-38.3203125,28504.299
28875.560546875,-383.845703125,28491.715
28855.140625,29.947265625,28885.088
28795.76953125,20.048828125,28815.818
28774.830078125,-8.326171875,28766.504
28331.689453125,386.86328125,28718.553
28116.279296875,162.0625,28278.342
28204.689453125,-86.853515625,28117.836
28431.80078125,-224.787109375,28207.014
28471.619140625,-12.3984375,28459.22
28554.880859375,-75.9375,28478.943
28619.619140625,-180.482421875,28439.137
28593.169921875,-93.59765625,28499.572
28461.66015625,20.25390625,28481.914
28765.400390625,-400.482421875,28364.918
28371.259765625,311.28125,28682.541
28466.48046875,-124.416015625,28342.064
28524.0390625,-102.8984375,28421.14
28594.30078125,-90.83203125,28503.469
28397.740234375,172.76171875,28570.502
28106.41015625,244.705078125,28351.115
28146.5,-77.748046875,28068.752
27777.75,347.791015625,28125.541
27565.69921875,166.955078125,27732.654
26918.580078125,660.38671875,27578.967
26151.3203125,741.46875,26892.79
25976.240234375,201.880859375,26178.121
25997.029296875,-108.427734375,25888.602
26120.76953125,-229.08984375,25891.68
25939.30078125,235.421875,26174.723
25824.720703125,227.775390625,26052.496
25281.30078125,654.875,25936.176
25302.279296875,37.185546875,25339.465
25495.4609375,-54.828125,25440.633
25734.220703125,-233.54296875,25500.678
26291.83984375,-628.041015625,25663.799
26231.5390625,59.580078125,26291.12
26270.0390625,-23.6640625,26246.375
26048.720703125,201.306640625,26250.027
26179.330078125,-147.474609375,26031.855
25680.330078125,490.9921875,26171.322
25664.0703125,-108.685546875,25555.385
25615.48046875,7.1796875,25622.66
25703.5,-28.8984375,25674.602
25724.73046875,-17.55859375,25707.172
25626.55078125,157.0546875,25783.605
25527.849609375,142.408203125,25670.258
26523.23046875,-960.29296875,25562.938
26515.529296875,-22.15234375,26493.377
26690.759765625,-209.896484375,26480.863
26681.400390625,44.603515625,26726.004
26683.6796875,-7.666015625,26676.014
27159.060546875,-448.298828125,26710.762
27087.630859375,24.5,27112.13
27352.689453125,-288.28125,27064.408
27124.55078125,197.421875,27321.973
26790.240234375,266.923828125,27057.164
26754.119140625,51.9765625,26806.096
26468.94921875,296.255859375,26765.205
26435.669921875,90.201171875,26525.871
26222.400390625,297.404296875,26519.805
26281.0,29.5078125,26310.508
25945.349609375,409.69921875,26355.049
26041.9296875,-15.33984375,26026.59
25954.810546875,134.392578125,26089.203
26092.26953125,-135.673828125,25956.596
26042.689453125,31.0390625,26073.729
26110.310546875,-126.72265625,25983.588
25821.029296875,241.556640625,26062.586
25893.400390625,-82.154296875,25811.246
25682.810546875,307.390625,25990.201
25707.9296875,21.494140625,25729.424
26308.439453125,-589.376953125,25719.062
26521.849609375,-217.986328125,26303.863
26503.9296875,57.046875,26560.977
26664.279296875,-112.828125,26551.451
26848.490234375,-223.447265625,26625.043
26719.580078125,102.8125,26822.393
26725.6796875,27.462890625,26753.143
26786.19921875,-39.9140625,26746.285
26566.73046875,198.984375,26765.715
26797.94921875,-185.080078125,26612.87
26667.390625,133.49609375,26800.887
26891.259765625,-221.193359375,26670.066
26786.759765625,145.15234375,26931.912
26667.7109375,162.388671875,26830.1
26906.720703125,-180.453125,26726.268
27100.759765625,-184.923828125,26915.836
27547.30078125,-506.7265625,27040.574
27683.400390625,-198.10546875,27485.295
27688.640625,-52.892578125,27635.748
27847.23046875,-203.193359375,27644.037
27651.140625,93.279296875,27744.42
26926.55078125,691.501953125,27618.053
27065.279296875,-83.66796875,26981.611
26571.4609375,459.537109375,27030.998
26323.689453125,214.708984375,26538.398
26326.66015625,70.630859375,26397.291
26681.08984375,-291.375,26389.715
27093.80078125,-378.0,26715.8
26889.609375,147.654296875,27037.264
26466.880859375,374.7109375,26841.592
26595.080078125,-168.171875,26426.908
26993.0390625,-421.8046875,26571.234
26913.919921875,96.37109375,27010.291
26954.0,77.4921875,27031.492
26893.73046875,114.939453125,27008.67
26346.490234375,487.626953125,26834.117
26444.720703125,-90.263671875,26354.457
26391.30078125,103.021484375,26494.322
26062.560546875,284.189453125,26346.75
26217.0390625,-145.822265625,26071.217
26498.369140625,-270.927734375,26227.441
26494.73046875,24.9296875,26519.66
26436.619140625,101.578125,26538.197
26645.4296875,-201.220703125,26444.209
26994.140625,-413.779296875,26580.361
27687.759765625,-715.880859375,26971.879
27508.08984375,184.08984375,27692.18
27843.7109375,-298.201171875,27545.51
27884.2109375,-96.525390625,27787.686
27800.490234375,-21.966796875,27778.523
27871.349609375,-148.83984375,27722.51
27906.41015625,-48.53515625,27857.875
27864.2109375,41.48046875,27905.691
28225.419921875,-384.34375,27841.076
28319.390625,-159.728515625,28159.662
28189.75,97.240234375,28286.99
28543.51953125,-378.109375,28165.41
28451.5,-1.796875,28449.703
28226.189453125,249.986328125,28476.176
28322.060546875,-66.12890625,28255.932
28087.919921875,215.791015625,28303.71
28561.0,-548.47265625,28012.527
28638.19921875,-143.431640625,28494.768
28954.939453125,-379.90625,28575.033
28885.140625,20.521484375,28905.662
28773.58984375,87.900390625,28861.49
28883.0390625,-116.703125,28766.336
29056.419921875,-242.189453125,28814.23
28795.91015625,176.095703125,28972.006
27985.330078125,841.470703125,28826.8
28341.0390625,-252.6640625,28088.375
27909.119140625,388.49609375,28297.615
27949.640625,-129.587890625,27820.053
27160.630859375,768.955078125,27929.586
26449.130859375,654.642578125,27103.773
26312.630859375,252.177734375,26564.809
26356.98046875,127.81640625,26484.797
26675.98046875,-215.55078125,26460.43
26786.740234375,-64.626953125,26722.113
27493.69921875,-651.388671875,26842.31
27404.26953125,122.697265625,27526.967
27241.33984375,83.36328125,27324.703
27583.880859375,-422.056640625,27161.824
27823.66015625,-304.271484375,27519.389
27730.0,78.572265625,27808.572
27815.599609375,-50.5703125,27765.03
27959.599609375,-126.93359375,27832.666
27530.19921875,368.43359375,27898.633
27655.810546875,-145.736328125,27510.074
27609.16015625,21.201171875,27630.361
27308.810546875,248.0625,27556.873
26820.880859375,526.81640625,27347.697
26893.23046875,-17.900390625,26875.33
26696.490234375,190.673828125,26887.164
26778.619140625,-136.232421875,26642.387
26129.9296875,593.896484375,26723.826
26291.6796875,-190.826171875,26100.854
26284.8203125,25.490234375,26310.31
26222.0703125,83.3359375,26305.406
26767.869140625,-488.962890625,26278.906
26146.669921875,605.447265625,26752.117
25040.4609375,1111.33203125,26151.793
25392.509765625,-297.46484375,25095.045
25231.609375,149.798828125,25381.408
24309.0703125,966.9921875,25276.062
24032.91015625,382.26171875,24415.172
23063.5703125,784.349609375,23847.92
23263.73046875,-374.83984375,22888.89
22291.8203125,932.947265625,23224.768
21709.130859375,809.591796875,22518.723
22805.0703125,-862.0859375,21942.984
21696.130859375,1183.072265625,22879.203
22663.490234375,-1099.5546875,21563.936
23527.189453125,-829.93359375,22697.256
23352.33984375,324.08203125,23676.422
23484.279296875,62.162109375,23546.441
23175.109375,439.83984375,23614.95
23603.48046875,-371.66796875,23231.812
23085.7890625,505.01953125,23590.809
23280.060546875,-68.1328125,23211.928
23236.109375,53.046875,23289.156
23749.119140625,-595.650390625,23153.469
24253.2890625,-505.97265625,23747.316
23970.369140625,304.66796875,24275.037
24300.330078125,-230.91796875,24069.412
24435.400390625,-113.701171875,24321.7
24145.33984375,302.953125,24448.293
24006.44921875,269.45703125,24275.906
24380.0,-319.80078125,24060.2
24330.01953125,162.0859375,24492.105
23793.55078125,642.564453125,24436.115
23893.359375,35.455078125,23928.814
23977.3203125,-75.541015625,23901.78
23831.330078125,128.18359375,23959.514
24280.140625,-383.390625,23896.75
24575.9609375,-250.92578125,24325.035
24643.58984375,-76.720703125,24566.87
23613.80078125,1107.98046875,24721.781
23868.66015625,-204.763671875,23663.896
24137.48046875,-270.982421875,23866.498
23980.630859375,137.67578125,24118.307
24230.169921875,-184.2578125,24045.912
24602.060546875,-314.8984375,24287.162
24245.6796875,442.07421875,24687.754
24180.30078125,110.458984375,24290.76
23829.740234375,360.017578125,24189.758
23797.470703125,47.611328125,23845.082
23934.76953125,-62.044921875,23872.725
24388.130859375,-433.51953125,23954.611
24399.94921875,104.318359375,24504.268
24280.029296875,240.40625,24520.436
22930.140625,1436.509765625,24366.65
22952.240234375,147.859375,23100.1
23384.66015625,-430.005859375,22954.654
23301.359375,43.203125,23344.562
23132.759765625,276.970703125,23409.73
22961.470703125,304.27734375,23265.748
23732.51953125,-706.12890625,23026.39
23995.939453125,-173.359375,23822.58
24325.619140625,-293.427734375,24032.191
24366.30078125,14.65234375,24380.953
24770.41015625,-319.166015625,24451.244
24776.76953125,-5.19921875,24771.57
25057.220703125,-259.3828125,24797.838
25049.73046875,99.994140625,25149.725
24480.150390625,631.580078125,25111.73
24301.380859375,327.09765625,24628.479
23776.94921875,486.3125,24263.262
24344.08984375,-566.00390625,23778.086
24481.41015625,12.322265625,24493.732
24464.939453125,81.685546875,24546.625
24643.890625,-179.212890625,24464.678
24511.33984375,143.296875,24654.637
24907.33984375,-389.9140625,24517.426
24781.580078125,32.640625,24814.22
24549.990234375,244.8984375,24794.889
24301.279296875,344.26953125,24645.549
24427.189453125,-55.978515625,24371.21
25124.189453125,-608.859375,24515.33
25373.119140625,-230.27734375,25142.842
26339.16015625,-935.99609375,25403.164
25975.66015625,386.736328125,26362.396
26129.1796875,8.931640625,26138.111
26210.16015625,-11.544921875,26198.615
25727.41015625,399.01953125,26126.43
25772.119140625,-11.7890625,25760.33
25477.890625,372.306640625,25850.197
25481.580078125,23.265625,25504.846
24970.689453125,639.68359375,25610.373
25089.169921875,87.990234375,25177.16
25057.990234375,185.833984375,25243.824
25635.66015625,-543.39453125,25092.266
25057.939453125,632.986328125,25690.926
25263.0,6.1328125,25269.133
24705.330078125,671.66796875,25376.998
24603.259765625,160.978515625,24764.238
24772.759765625,-27.4296875,24745.33
24883.140625,-40.369140625,24842.771
24710.58984375,218.798828125,24929.389
24595.349609375,240.412109375,24835.762
24458.130859375,299.08203125,24757.213
24946.630859375,-423.642578125,24522.988
25102.5390625,-117.15234375,24985.387
24930.580078125,170.703125,25101.283
24531.619140625,435.826171875,24967.445
24377.4296875,185.4453125,24562.875
24890.6796875,-486.26953125,24404.41
25244.01953125,-308.080078125,24935.94
25230.669921875,4.05859375,25234.729
25183.009765625,110.32421875,25293.334
25347.33984375,-97.2265625,25250.113
25367.380859375,-1.099609375,25366.281
25178.91015625,198.572265625,25377.482
24791.390625,423.587890625,25214.979
25113.83984375,-290.466796875,24823.373
25551.580078125,-403.185546875,25148.395
25486.220703125,73.10546875,25559.326
25491.7890625,43.234375,25535.023
25281.150390625,248.998046875,25530.148
25422.060546875,-117.8125,25304.248
25177.05078125,349.666015625,25526.717
25184.849609375,200.01171875,25384.861
25120.08984375,177.771484375,25297.861
25007.599609375,84.650390625,25092.25
24695.44921875,365.31640625,25060.766
24589.650390625,123.166015625,24712.816
24624.33984375,50.033203125,24674.373
24468.9296875,164.330078125,24633.26
24313.5390625,166.712890625,24480.252
24503.310546875,-131.583984375,24371.727
24640.279296875,-80.337890625,24559.941
24732.759765625,-41.916015625,24690.844
24725.630859375,72.63671875,24798.268
24340.849609375,434.1171875,24774.967
24455.41015625,-24.3515625,24431.059
23950.689453125,562.884765625,24513.574
23716.849609375,378.0234375,24094.873
23742.509765625,85.6484375,23828.158
23311.0703125,445.537109375,23756.607
23235.419921875,150.12109375,23385.541
23476.05078125,-118.177734375,23357.873
23275.529296875,266.10546875,23541.635
23459.05078125,-70.328125,23388.723
23767.779296875,-128.806640625,23638.973
23980.650390625,-57.162109375,23923.488
24242.859375,-153.248046875,24089.611
24193.349609375,45.818359375,24239.168
24119.130859375,51.0390625,24170.17
24649.6796875,-470.72265625,24178.957
24667.08984375,20.51171875,24687.602
24158.5390625,544.43359375,24702.973
24386.7890625,-102.62890625,24284.16
24542.259765625,-119.685546875,24422.574
24569.5390625,61.740234375,24631.28
24754.419921875,-109.03125,24645.389
24786.130859375,10.08984375,24796.22
24918.779296875,-135.16796875,24783.611
24787.189453125,143.197265625,24930.387
24708.80078125,78.197265625,24786.998
24586.599609375,161.47265625,24748.072
24107.419921875,451.578125,24558.998
24460.009765625,-288.357421875,24171.652
24939.73046875,-394.69921875,24545.031
24886.140625,118.703125,25004.844
25695.919921875,-725.560546875,24970.36
25712.970703125,16.08984375,25729.06
26016.169921875,-281.166015625,25735.004
26301.48046875,-197.83203125,26103.648
26226.98046875,144.953125,26371.934
26169.380859375,195.59765625,26364.979
26156.859375,95.146484375,26252.006
26381.669921875,-268.03515625,26113.635
26415.08984375,-71.935546875,26343.154
26544.2890625,-83.39453125,26460.895
26356.970703125,246.8359375,26603.807
26451.5390625,-65.625,26385.914
26486.19921875,11.3671875,26497.566
26588.19921875,-58.353515625,26529.846
26669.75,-34.021484375,26635.729
26819.44921875,-22.55078125,26796.898
26894.6796875,-31.228515625,26863.451
26341.490234375,547.650390625,26889.14
26567.6796875,-48.9609375,26518.719
26532.580078125,190.63671875,26723.217
26728.5,-197.982421875,26530.518
26835.919921875,-69.8203125,26766.1
26506.849609375,304.67578125,26811.525
26304.560546875,270.267578125,26574.828
26502.83984375,-129.3125,26373.527
26410.58984375,171.5859375,26582.176
26505.869140625,-65.4296875,26440.44
26389.51953125,194.900390625,26584.42
26207.2890625,272.1640625,26479.453
26460.2890625,-156.64453125,26303.645
26678.380859375,-155.73828125,26522.643
26498.599609375,176.1328125,26674.732
26306.6796875,250.5703125,26557.25
26119.25,272.72265625,26391.973
26343.099609375,-192.064453125,26151.035
26386.560546875,-62.318359375,26324.242
26314.630859375,55.193359375,26369.824
26568.490234375,-184.130859375,26384.36
27147.109375,-518.73828125,26628.371
27231.130859375,-106.001953125,27125.129
27472.810546875,-251.64453125,27221.166
27649.859375,-229.431640625,27420.428
27692.30078125,-173.318359375,27518.982
27548.51953125,47.001953125,27595.521
27878.220703125,-327.76171875,27550.459
27908.220703125,-12.41796875,27895.803
28276.75,-291.73828125,27985.012
28235.599609375,-21.724609375,28213.875
28496.859375,-331.1953125,28165.664
28573.859375,-101.53515625,28472.324
28862.76953125,-326.3046875,28536.465
29642.279296875,-853.814453125,28788.465
29962.470703125,-422.7265625,29539.744
29927.759765625,-37.109375,29890.65
29447.849609375,442.197265625,29890.047
30159.009765625,-716.93359375,29442.076
29391.259765625,687.755859375,30079.016
29297.529296875,105.4296875,29402.959
28550.76953125,910.1875,29460.957
28283.7109375,359.26953125,28642.98
28892.859375,-428.779296875,28464.08
29248.69921875,-339.6953125,28909.004
29307.4609375,-12.09765625,29295.363
29113.5,207.78515625,29321.285
29288.6796875,-189.048828125,29099.63
29319.470703125,-29.875,29289.596
29476.189453125,-90.869140625,29385.32
30038.720703125,-568.67578125,29470.045
30173.5703125,-214.3359375,29959.234
30746.66015625,-710.095703125,30036.564
31084.939453125,-437.65625,30647.283
30595.26953125,377.5234375,30972.793
30644.73046875,-46.005859375,30598.725
30319.830078125,235.123046875,30554.953
30632.640625,-273.283203125,30359.357
29718.240234375,983.50390625,30701.744
30074.169921875,-233.806640625,29840.363
28980.2109375,1247.671875,30227.883
29452.5703125,-414.775390625,29037.795
29095.859375,393.16015625,29489.02
29880.419921875,-710.41796875,29170.002
29236.7890625,674.177734375,29910.967
29098.2890625,91.38671875,29189.676
28540.830078125,552.82421875,29093.654
28773.23046875,-139.07421875,28634.156
28907.51953125,12.6640625,28920.184
29385.609375,-439.79296875,28945.816
28739.720703125,619.75390625,29359.475
28833.759765625,21.859375,28855.62
29027.689453125,-44.19921875,28983.49
29034.119140625,-35.81640625,28998.303
29405.720703125,-399.017578125,29006.703
28990.939453125,424.96875,29415.908
28885.33984375,122.41796875,29007.758
28497.380859375,457.498046875,28954.879
27918.140625,599.08984375,28517.23
27899.609375,154.41015625,28054.02
28336.4296875,-422.357421875,27914.072
28338.30078125,-52.962890625,28285.338
28577.5,-238.34765625,28339.152
28378.349609375,227.134765625,28605.484
28938.740234375,-488.30859375,28450.432
28674.80078125,255.626953125,28930.428
29008.0703125,-336.306640625,28671.764
28698.80078125,291.080078125,28989.88
28453.279296875,226.052734375,28679.332
28497.25,15.556640625,28512.807
28900.830078125,-324.943359375,28575.887
28793.140625,112.595703125,28905.736
28969.7109375,-223.31640625,28746.395
29106.150390625,-166.951171875,28939.2
29135.73046875,-81.39453125,29054.336
28621.919921875,433.38671875,29055.307
28755.33984375,-215.73046875,28539.61
29078.75,-377.115234375,28701.635
28952.830078125,23.701171875,28976.531
28941.5390625,13.052734375,28954.592
29071.33984375,-147.333984375,28924.006
29303.259765625,-317.42578125,28985.834
28724.880859375,539.072265625,29263.953
28357.5390625,412.48828125,28770.027
28557.140625,-136.859375,28420.281
28417.98046875,69.166015625,28487.146
28637.4609375,-217.91796875,28419.543
28610.650390625,25.828125,28636.479
28595.66015625,73.37890625,28669.04
28013.810546875,626.685546875,28640.496
28231.0390625,-197.7734375,28033.266
27718.669921875,449.1953125,28167.865
28027.5703125,-307.544921875,27720.025
28194.08984375,-172.119140625,28021.97
28593.810546875,-431.697265625,28162.113
28450.2890625,154.751953125,28605.041
28458.439453125,-43.748046875,28414.691
28412.259765625,18.49609375,28430.756
28910.859375,-587.69921875,28323.16
29166.009765625,-347.310546875,28818.7
29113.19921875,-4.029296875,29109.17
29124.41015625,-34.18359375,29090.227
29151.80078125,-25.0390625,29126.762
29468.0,-404.947265625,29063.053
29297.619140625,33.798828125,29331.418
28966.029296875,241.796875,29207.826
28918.099609375,99.826171875,29017.926
28787.279296875,136.732421875,28924.012
28781.380859375,2.759765625,28784.14
28742.630859375,52.564453125,28795.195
28738.880859375,-10.41015625,28728.47
28842.130859375,-76.958984375,28765.172
28638.529296875,217.724609375,28856.254
28436.83984375,236.755859375,28673.596
28558.58984375,-63.76953125,28494.82
28801.26953125,-317.822265625,28483.447
28489.0,226.939453125,28715.94
28309.759765625,160.212890625,28469.973
28817.0703125,-502.365234375,28314.705
28882.4609375,-112.443359375,28770.018
29288.220703125,-457.552734375,28830.668
29268.30078125,-39.14453125,29229.156
28994.099609375,211.140625,29205.24
28827.94921875,178.939453125,29006.889
28310.419921875,579.1953125,28889.615
28143.5,270.703125,28414.203
28072.859375,137.826171875,28210.686
27960.619140625,49.814453125,28010.434
27153.130859375,757.591796875,27910.723
27344.5390625,-56.5,27288.04
27515.240234375,-109.0625,27406.178
27963.41015625,-433.994140625,27529.416
27787.4609375,213.439453125,28000.9
27996.26953125,-210.958984375,27785.31
28004.6796875,13.330078125,28018.01
27489.779296875,492.53515625,27982.314
27259.25,243.33984375,27502.59
27224.580078125,61.572265625,27286.152
27723.83984375,-515.17578125,27208.664
27321.98046875,399.875,27721.855
26192.3203125,1184.41796875,27376.738
25086.4296875,1270.923828125,26357.354
25473.880859375,-107.4453125,25366.436
26315.3203125,-781.30078125,25534.02
25961.029296875,373.62109375,26334.65
26235.80078125,-200.3984375,26035.402
26194.8203125,3.09765625,26197.918
26426.55078125,-344.78515625,26081.766
26204.689453125,229.267578125,26433.957
26179.400390625,63.421875,26242.822
26283.400390625,-75.33203125,26208.068
26605.619140625,-324.087890625,26281.531
26660.16015625,-142.8125,26517.348
26517.8203125,154.9140625,26672.734
26391.619140625,149.8125,26541.432
26181.4609375,181.74609375,26363.207
25745.869140625,418.9296875,26164.799
25867.009765625,-11.21484375,25855.795
25316.330078125,637.66015625,25953.99
24849.720703125,562.87890625,25412.6
25109.58984375,-135.671875,24973.918
25727.919921875,-460.421875,25267.498
25693.94921875,89.193359375,25783.143
25415.689453125,365.61328125,25781.303
25407.890625,95.123046875,25503.014
25539.5390625,-76.9453125,25462.594
25878.990234375,-376.072265625,25502.918
26028.2890625,-233.626953125,25794.662
26090.4296875,-99.0390625,25991.39
25901.990234375,236.109375,26138.1
26163.630859375,-223.560546875,25940.07
26353.630859375,-219.646484375,26133.984
26320.9296875,-25.279296875,26295.65
25716.0,634.826171875,26350.826
26205.91015625,-421.626953125,25784.283
25813.810546875,393.13671875,26206.947
25502.23046875,237.9921875,25740.223
25033.2109375,569.599609375,25602.81
24667.849609375,475.421875,25143.271
24920.759765625,-143.341796875,24777.418
24099.140625,833.443359375,24932.584
24221.5390625,-52.185546875,24169.354
24510.98046875,-268.115234375,24242.865
24192.16015625,366.638671875,24558.799
24208.779296875,178.6640625,24387.443
24500.390625,-143.18359375,24357.207
24663.5,-106.732421875,24556.768
24575.640625,29.33203125,24604.973
24036.369140625,474.4296875,24510.799
24104.150390625,-31.314453125,24072.836
23966.490234375,129.509765625,24096.0
24701.73046875,-716.46875,23985.262
24837.849609375,-39.064453125,24798.785
25325.08984375,-410.015625,24915.074
24962.58984375,509.525390625,25472.115
25330.9609375,-347.560546875,24983.4
25409.75,-129.173828125,25280.576
25787.2109375,-445.87109375,25341.34
26136.01953125,-360.712890625,25775.307
26017.529296875,106.560546875,26124.09
26126.9296875,-63.408203125,26063.521
26132.029296875,6.966796875,26138.996
26038.26953125,54.154296875,26092.424
25628.740234375,406.69140625,26035.432
25555.73046875,100.978515625,25656.709
25377.240234375,231.837890625,25609.078
25154.3203125,282.615234375,25436.936
25099.669921875,86.357421875,25186.027
25024.75,233.189453125,25257.94
25225.189453125,-82.59765625,25142.592
24870.509765625,377.015625,25247.525
24763.76953125,132.017578125,24895.787
24813.130859375,-23.86328125,24789.268
24996.140625,-160.900390625,24835.24
25247.990234375,-274.955078125,24973.035
25327.970703125,-101.935546875,25226.035
25390.91015625,-30.416015625,25360.494
25713.779296875,-280.625,25433.154
25650.080078125,40.431640625,25690.512
25319.720703125,283.0703125,25602.791
25049.970703125,249.056640625,25299.027
24951.33984375,32.25,24983.59
24651.580078125,294.255859375,24945.836
24685.5,14.453125,24699.953
24740.16015625,8.755859375,24748.916
24080.51953125,669.30078125,24749.82
23852.240234375,315.27734375,24167.518
23475.259765625,486.314453125,23961.574
23658.919921875,-104.796875,23554.123
23788.9296875,19.369140625,23808.299
23766.689453125,44.236328125,23810.926
23349.380859375,410.2421875,23759.623
23983.66015625,-575.615234375,23408.045
23996.869140625,-21.521484375,23975.348
24254.859375,-233.845703125,24021.014
23995.720703125,351.158203125,24346.879
23954.580078125,83.65625,24038.236
23635.94921875,444.2421875,24080.191
23420.759765625,283.07421875,23703.834
23475.5,29.572265625,23505.072
23192.630859375,300.482421875,23493.113
22744.859375,529.138671875,23273.998
22971.330078125,-71.873046875,22899.457
23102.330078125,-55.654296875,23046.676
23193.640625,-26.38671875,23167.254
23223.759765625,56.140625,23279.9
23280.560546875,21.390625,23301.951
23086.5390625,236.939453125,23323.479
23112.009765625,27.541015625,23139.55
23397.669921875,-229.673828125,23167.996
23274.75,237.33984375,23512.09
23289.83984375,134.556640625,23424.396
22907.25,486.5078125,23393.758
23072.859375,-12.458984375,23060.4
23493.380859375,-371.083984375,23122.297
23746.5390625,-271.5078125,23475.031
23739.060546875,46.470703125,23785.531
24402.169921875,-624.326171875,23777.844
24429.76953125,-16.1171875,24413.652
24383.3203125,60.7265625,24444.047
24218.029296875,151.986328125,24370.016
24112.779296875,68.28125,24181.06
24127.849609375,45.06640625,24172.916
24952.349609375,-764.267578125,24188.082
24965.55078125,-7.955078125,24957.596
24656.4609375,273.533203125,24929.994
24243.609375,442.3984375,24686.008
24289.900390625,-113.953125,24175.947
23807.0,484.068359375,24291.068
23550.080078125,247.193359375,23797.273
23802.259765625,-163.67578125,23638.584
24573.2890625,-713.416015625,23859.873
24579.55078125,34.94140625,24614.492
24329.490234375,286.5234375,24616.014
24829.990234375,-462.263671875,24367.727
24924.349609375,5.560546875,24929.91
24906.66015625,69.990234375,24976.65
24556.5703125,392.630859375,24949.201
24355.7109375,205.095703125,24560.807
24718.900390625,-330.580078125,24388.32
24792.76953125,-43.314453125,24749.455
24327.7109375,475.388671875,24803.1
24170.0703125,258.84765625,24428.918
23520.0,667.552734375,24187.553
23660.279296875,-145.60546875,23514.674
22901.560546875,793.59375,23695.154
22767.1796875,245.365234375,23012.545
22713.01953125,235.263671875,22948.283
22761.7109375,2.267578125,22763.979
22343.919921875,515.994140625,22859.914
22467.33984375,-13.78125,22453.559
21905.2890625,654.279296875,22559.568
21057.630859375,874.857421875,21932.488
20765.869140625,303.7109375,21069.58
20627.7109375,271.861328125,20899.572
20890.259765625,-158.267578125,20731.992
20553.7890625,502.18359375,21055.973
19531.66015625,1094.818359375,20626.479
18415.080078125,1235.19921875,19650.28
20087.5,-1425.74609375,18661.754
21501.23046875,-1425.150390625,20076.08
21412.400390625,142.3515625,21554.752
21221.33984375,379.140625,21600.48
21889.279296875,-573.939453125,21315.34
22154.080078125,-341.15234375,21812.928
21945.94921875,220.275390625,22166.225
21404.880859375,670.978515625,22075.86
21684.970703125,-164.685546875,21520.285
21927.630859375,-238.984375,21688.646
22232.029296875,-293.162109375,21938.867
21996.849609375,380.38671875,22377.236
22039.55078125,98.716796875,22138.268
22502.310546875,-475.984375,22026.326
22080.51953125,359.5703125,22440.09
21808.98046875,319.546875,22128.527
21872.009765625,95.775390625,21967.785
21208.30078125,637.81640625,21846.117
21319.130859375,-49.6171875,21269.514
21374.369140625,35.125,21409.494
21518.080078125,-88.96484375,21429.115
21027.759765625,555.93359375,21583.693
20944.669921875,133.166015625,21077.836
20682.220703125,355.88671875,21038.107
20638.51953125,93.216796875,20731.736
19869.33984375,763.912109375,20633.252
19934.7109375,-38.490234375,19896.22
19946.359375,142.3359375,20088.695
20276.169921875,-279.6015625,19996.568
21089.390625,-784.568359375,20304.822
21101.890625,-39.626953125,21062.264
20869.51953125,175.365234375,21044.885
20793.400390625,54.0078125,20847.408
20001.9609375,900.84765625,20902.809
19633.689453125,455.962890625,20089.652
19824.5703125,-240.837890625,19583.732
19380.33984375,409.841796875,19790.182
19898.76953125,-435.521484375,19463.248
19950.2109375,49.279296875,19999.49
20602.51953125,-564.24609375,20038.273
20644.279296875,61.54296875,20705.822
20120.6796875,534.65234375,20655.332
20717.240234375,-600.4765625,20116.764
20470.060546875,244.44140625,20714.502
20112.099609375,377.2890625,20489.389
20171.26953125,48.005859375,20219.275
20116.19921875,142.94140625,20259.14
20697.359375,-532.224609375,20165.135
21123.9296875,-283.728515625,20840.201
21415.19921875,-144.783203125,21270.416
21294.939453125,197.61328125,21492.553
21082.130859375,224.57421875,21306.705
21653.900390625,-639.505859375,21014.395
21531.669921875,45.037109375,21576.707
22014.58984375,-444.412109375,21570.178
21869.05078125,248.123046875,22117.174
21806.1796875,160.6875,21966.867
21067.580078125,785.201171875,21852.781
21067.990234375,-45.890625,21022.1
21308.2109375,-300.92578125,21007.285
20845.4296875,465.921875,21311.352
21075.0,-17.900390625,21057.1
21163.91015625,47.03515625,21210.945
21559.58984375,-428.19140625,21131.398
21008.33984375,538.01953125,21546.36
21273.869140625,-143.9453125,21129.924
21719.060546875,-327.521484375,21391.54
22229.51953125,-481.142578125,21748.377
22418.970703125,-57.453125,22361.518
21996.890625,445.60546875,22442.496
21859.7890625,152.62890625,22012.418
21830.349609375,55.45703125,21885.807
21853.0703125,-74.52734375,21778.543
21586.66015625,356.02734375,21942.688
21643.580078125,41.96484375,21685.545
21725.779296875,-92.849609375,21632.93
21124.19921875,631.232421875,21755.432
20844.740234375,391.314453125,21236.055
20797.94921875,142.67578125,20940.625
20751.2109375,150.099609375,20901.31
20297.720703125,570.015625,20867.736
20846.1796875,-400.732421875,20445.447
20661.060546875,220.263671875,20881.324
20890.220703125,-230.49609375,20659.725
20574.630859375,454.76953125,21029.4
20609.140625,80.580078125,20689.72
20562.939453125,155.19921875,20718.139
20905.880859375,-330.3828125,20575.498
20670.0390625,283.578125,20953.617
20622.6796875,93.439453125,20716.12
20156.509765625,547.025390625,20703.535
20165.83984375,114.462890625,20280.303
19689.2109375,534.74609375,20223.957
19767.08984375,-68.896484375,19698.193
20174.0390625,-314.36328125,19859.676
20201.939453125,76.6640625,20278.604
20045.76953125,262.587890625,20308.357
20003.439453125,115.763671875,20119.203
19610.83984375,448.15234375,20058.992
20082.4296875,-401.5,19680.93
20175.619140625,-24.90234375,20150.717
20040.859375,180.029296875,20220.889
19830.51953125,323.1015625,20153.621
19922.44921875,-8.15625,19914.293
19763.91015625,243.974609375,20007.885
19773.029296875,77.869140625,19850.898
19656.98046875,205.255859375,19862.236
19503.25,204.951171875,19708.201
19268.740234375,295.875,19564.615
19968.380859375,-595.033203125,19373.348
20170.0390625,-145.298828125,20024.74
20023.220703125,180.654296875,20203.875
19949.029296875,128.88671875,20077.916
19954.390625,-38.05859375,19916.332
19597.310546875,375.072265625,19972.383
19452.08984375,159.859375,19611.95
19225.69921875,272.720703125,19498.42
19202.73046875,32.140625,19234.871
19044.30078125,220.765625,19265.066
18854.619140625,198.0546875,19052.674
19362.25,-446.861328125,18915.389
19326.859375,93.689453125,19420.549
18847.099609375,557.595703125,19404.695
18930.380859375,-26.841796875,18903.54
18761.689453125,181.927734375,18943.617
18565.970703125,248.689453125,18814.66
18781.419921875,-153.55859375,18627.861
18444.619140625,399.96875,18844.588
18147.94921875,365.140625,18513.09
17933.26953125,223.01171875,18156.281
17855.140625,117.8203125,17972.96
17860.310546875,102.15625,17962.467
17250.880859375,650.33984375,17901.22
17165.869140625,199.734375,17365.604
17222.830078125,117.232421875,17340.062
17079.509765625,226.7578125,17306.268
18087.970703125,-980.966796875,17107.004
18012.150390625,181.724609375,18193.875
17740.05078125,390.46875,18130.52
17216.66015625,589.701171875,17806.361
16832.359375,372.837890625,17205.197
16701.029296875,189.64453125,16890.674
16389.109375,414.111328125,16803.22
16587.689453125,-61.962890625,16525.727
16612.900390625,206.9296875,16819.83
16914.580078125,-219.60546875,16694.975
16511.279296875,406.5234375,16917.803
16280.2197265625,326.7255859375,16606.945
16211.1201171875,93.6279296875,16304.748
15180.6904296875,1037.5830078125,16218.273
15165.58984375,178.5458984375,15344.136
15317.669921875,-44.623046875,15273.047
15427.9404296875,-47.5615234375,15380.379
14863.0595703125,732.1435546875,15595.203
14687.01953125,373.3173828125,15060.337
15455.26953125,-591.2529296875,14864.017
15827.169921875,-301.99609375,15525.174
15339.490234375,447.8994140625,15787.39
16161.1396484375,-827.6376953125,15333.502
16595.91015625,-386.0244140625,16209.886
16557.310546875,12.30859375,16569.62
16358.51953125,176.216796875,16534.736
16081.0400390625,318.6201171875,16399.66
17325.66015625,-1299.7314453125,16025.929
17619.7109375,-187.025390625,17432.686
18343.119140625,-381.33203125,17961.787
18256.48046875,241.671875,18498.152
18045.66015625,132.826171875,18178.486
17992.5390625,-73.525390625,17919.014
17655.91015625,337.19140625,17993.102
17424.41015625,213.423828125,17637.834
17523.810546875,-35.75,17488.06
17660.900390625,-43.861328125,17617.04
17573.580078125,206.541015625,17780.121
17297.939453125,398.060546875,17696.0
18204.6796875,-923.466796875,17281.213
18597.23046875,-413.611328125,18183.62
18736.439453125,-88.51171875,18647.928
18675.349609375,290.263671875,18965.613
19518.2890625,-751.03515625,18767.254
19441.1796875,104.44921875,19545.629
18814.8203125,642.4140625,19457.234
19450.23046875,-419.11328125,19031.117
19900.869140625,-409.396484375,19491.473
19463.630859375,384.162109375,19847.793
19596.19921875,-79.04296875,19517.156
19673.44921875,-48.931640625,19624.518
19368.58984375,357.072265625,19725.662
19450.669921875,35.677734375,19486.348
19352.810546875,180.328125,19533.139
19094.80078125,401.5,19496.3
19160.490234375,1.755859375,19162.246
19679.220703125,-476.09765625,19203.123
19593.060546875,197.7890625,19790.85
19898.91015625,-214.712890625,19684.197
19741.140625,292.138671875,20033.28
19781.41015625,9.203125,19790.613
20145.2890625,-257.908203125,19887.38
20793.109375,-693.701171875,20099.408
21052.169921875,-309.4296875,20742.74
20991.640625,213.619140625,21205.26
21388.33984375,-225.798828125,21162.541
21331.4609375,134.005859375,21465.467
21436.05078125,-96.23828125,21339.812
21514.099609375,23.33984375,21537.44
21738.66015625,-153.447265625,21585.213
21746.720703125,39.916015625,21786.637
21577.640625,233.158203125,21810.799
21678.0,-20.19921875,21657.8
21650.98046875,43.51953125,21694.5
22044.650390625,-399.345703125,21645.305
22566.779296875,-516.734375,22050.045
22688.900390625,-46.689453125,22642.21
22069.73046875,692.73046875,22762.46
21842.330078125,378.05078125,22220.38
22072.1796875,-73.67578125,21998.504
21958.359375,114.52734375,22072.887
21660.470703125,405.373046875,22065.844
21222.16015625,532.421875,21754.582
21298.69921875,-51.55078125,21247.148
21283.51953125,103.4453125,21386.965
21624.359375,-237.783203125,21386.576
21190.419921875,484.43359375,21674.854
21164.419921875,106.984375,21271.404
21113.759765625,83.177734375,21196.938
20812.169921875,307.669921875,21119.84
20987.669921875,-52.021484375,20935.648
20719.810546875,461.4609375,21181.271
20886.9609375,-26.525390625,20860.436
20529.490234375,422.9375,20952.428
20423.83984375,202.88671875,20626.727
20351.349609375,189.828125,20541.178
20010.0390625,446.927734375,20456.967
19943.509765625,163.251953125,20106.762
19785.939453125,237.08984375,20023.03
