Date,Actual,Predicted
2015-11-27,22068.3203125,22491.728677348507
2015-11-30,21996.419921875,22071.109536723507
2015-12-01,22381.349609375,21999.209146098507
2015-12-02,22479.689453125,22384.138833598507
2015-12-03,22417.009765625,22482.478677348507
2015-12-04,22235.890625,22419.798989848507
2015-12-07,22203.220703125,22238.679849223507
2015-12-08,21905.130859375,22206.009927348507
2015-12-09,21803.759765625,21907.920083598507
2015-12-10,21704.609375,21806.548989848507
2015-12-11,21464.05078125,21707.398599223507
2015-12-14,21309.849609375,21466.840005473507
2015-12-15,21274.369140625,21312.638833598507
2015-12-16,21701.2109375,21277.158364848507
2015-12-17,21872.060546875,21704.000161723507
2015-12-18,21755.560546875,21874.849771098507
2015-12-21,21791.6796875,21758.349771098507
2015-12-22,21830.01953125,21794.468911723507
2015-12-23,22040.58984375,21832.808755473507
2015-12-24,22138.130859375,22043.379067973507
2015-12-28,21919.619140625,22140.920083598507
2015-12-29,21999.619140625,21922.408364848507
2015-12-30,21882.150390625,22002.408364848507
2015-12-31,21914.400390625,21884.939614848507
2016-01-04,21327.119140625,21917.189614848507
2016-01-05,21188.720703125,21329.908364848507
2016-01-06,20980.810546875,21191.509927348507
2016-01-07,20333.33984375,20983.599771098507
2016-01-08,20453.7109375,20336.129067973507
2016-01-11,19888.5,20456.500161723507
2016-01-12,19711.759765625,19891.289224223507
2016-01-13,19934.880859375,19714.548989848507
2016-01-14,19817.41015625,19937.670083598507
2016-01-15,19520.76953125,19820.199380473507
2016-01-18,19237.44921875,19523.558755473507
2016-01-19,19635.810546875,19240.238442973507
2016-01-20,18886.30078125,19638.599771098507
2016-01-21,18542.150390625,18888.77315563469
2016-01-22,19080.509765625,18544.62276500969
2016-01-25,19340.140625,19082.98214000969
2016-01-26,18860.80078125,19342.61299938469
2016-01-27,19052.44921875,18863.27315563469
2016-01-28,19195.830078125,19054.92159313469
2016-01-29,19683.109375,19198.30245250969
2016-02-01,19595.5,19685.58174938469
2016-02-02,19446.83984375,19597.97237438469
2016-02-03,18991.58984375,19449.31221813469
2016-02-04,19183.08984375,18994.06221813469
2016-02-05,19288.169921875,19185.56221813469
2016-02-11,18545.80078125,19290.64229625969
2016-02-12,18319.580078125,18548.27315563469
2016-02-15,18918.140625,18322.05245250969
2016-02-16,19122.080078125,18920.50948435426
2016-02-17,18924.5703125,19124.44893747926
2016-02-18,19363.080078125,18926.93917185426
2016-02-19,19285.5,19365.44893747926
2016-02-22,19464.08984375,19287.86885935426
2016-02-23,19414.779296875,19466.45870310426
2016-02-24,19192.44921875,19417.14815622926
2016-02-25,18888.75,19194.81807810426
2016-02-26,19364.150390625,18891.11885935426
2016-02-29,19111.9296875,19366.51924997926
2016-03-01,19407.4609375,19114.29854685426
2016-03-02,20003.490234375,19409.82979685426
2016-03-03,19941.759765625,20005.85909372926
2016-03-04,20176.69921875,19944.12862497926
2016-03-07,20159.720703125,20179.06807810426
2016-03-08,20011.580078125,20162.08956247926
2016-03-09,19996.259765625,20013.94893747926
2016-03-10,19984.419921875,19998.62862497926
2016-03-11,20199.599609375,19986.78878122926
2016-03-14,20435.33984375,20201.96846872926
2016-03-15,20288.76953125,20437.70870310426
2016-03-16,20257.69921875,20291.13839060426
2016-03-17,20503.810546875,20260.06807810426
2016-03-18,20671.630859375,20506.17940622926
2016-03-21,20684.150390625,20673.99971872926
2016-03-22,20666.75,20686.51924997926
2016-03-23,20615.23046875,20669.11885935426
2016-03-24,20345.609375,20617.59932810426
2016-03-29,20366.30078125,20347.97823435426
2016-03-30,20803.390625,20368.66964060426
2016-03-31,20776.69921875,20805.75948435426
2016-04-01,20498.919921875,20779.06807810426
2016-04-05,20177.0,20501.28878122926
2016-04-06,20206.669921875,20179.36885935426
2016-04-07,20266.05078125,20209.03878122926
2016-04-08,20370.400390625,20268.41964060426
2016-04-11,20440.810546875,20372.76924997926
2016-04-12,20504.439453125,20443.17940622926
2016-04-13,21158.7109375,20506.80831247926
2016-04-14,21337.810546875,21161.07979685426
2016-04-15,21316.470703125,21340.17940622926
2016-04-18,21161.5,21318.83956247926
2016-04-19,21436.2109375,21163.86885935426
2016-04-20,21236.310546875,21438.57979685426
2016-04-21,21622.25,21238.67940622926
2016-04-22,21467.0390625,21624.61885935426
2016-04-25,21304.439453125,21469.40792185426
2016-04-26,21407.26953125,21306.80831247926
2016-04-27,21361.599609375,21409.63839060426
2016-04-28,21388.029296875,21363.96846872926
2016-04-29,21067.05078125,21390.39815622926
2016-05-03,20676.939453125,21069.41964060426
2016-05-04,20525.830078125,20679.30831247926
2016-05-05,20449.8203125,20528.19893747926
2016-05-06,20109.869140625,20452.18917185426
2016-05-09,20156.810546875,20112.23799997926
2016-05-10,20242.6796875,20159.17940622926
2016-05-11,20055.2890625,20245.04854685426
2016-05-12,19915.4609375,20057.65792185426
2016-05-13,19719.2890625,19917.82979685426
2016-05-16,19883.94921875,19721.65792185426
2016-05-17,20118.80078125,19886.31807810426
2016-05-18,19826.41015625,20121.16964060426
2016-05-19,19694.330078125,19828.77901560426
2016-05-20,19852.19921875,19696.69893747926
2016-05-23,19809.029296875,19854.56807810426
2016-05-24,19830.4296875,19811.39815622926
2016-05-25,20368.05078125,19832.79854685426
2016-05-26,20397.109375,20370.41964060426
2016-05-27,20576.76953125,20399.47823435426
2016-05-30,20629.390625,20579.13839060426
2016-05-31,20815.08984375,20631.75948435426
2016-06-01,20760.98046875,20817.45870310426
2016-06-02,20859.220703125,20763.34932810426
2016-06-03,20947.240234375,20861.58956247926
2016-06-06,21030.220703125,20949.60909372926
2016-06-07,21328.240234375,21032.58956247926
2016-06-08,21297.880859375,21330.60909372926
2016-06-10,21042.640625,21300.24971872926
2016-06-13,20512.990234375,21045.00948435426
2016-06-14,20387.529296875,20515.35909372926
2016-06-15,20467.51953125,20389.89815622926
2016-06-16,20038.419921875,20469.88839060426
2016-06-17,20169.98046875,20040.78878122926
2016-06-20,20510.19921875,20172.34932810426
2016-06-21,20668.439453125,20512.56807810426
2016-06-22,20795.119140625,20670.80831247926
2016-06-23,20868.33984375,20797.48799997926
2016-06-24,20259.130859375,20870.70870310426
2016-06-27,20227.30078125,20261.49971872926
2016-06-28,20172.4609375,20229.66964060426
2016-06-29,20436.119140625,20174.82979685426
2016-06-30,20794.369140625,20438.48799997926
2016-07-04,21059.19921875,20796.73799997926
2016-07-05,20750.720703125,21061.56807810426
2016-07-06,20495.2890625,20753.08956247926
2016-07-07,20706.919921875,20497.65792185426
2016-07-08,20564.169921875,20709.28878122926
2016-07-11,20880.5,20566.53878122926
2016-07-12,21224.740234375,20882.86885935426
2016-07-13,21322.369140625,21227.10909372926
2016-07-14,21561.060546875,21324.73799997926
2016-07-15,21659.25,21563.42940622926
2016-07-18,21803.1796875,21661.61885935426
2016-07-19,21673.19921875,21805.54854685426
2016-07-20,21882.48046875,21675.56807810426
2016-07-21,22000.490234375,21884.84932810426
2016-07-22,21964.26953125,22002.85909372926
2016-07-25,21993.439453125,21966.63839060426
2016-07-26,22129.73046875,21995.80831247926
2016-07-27,22218.990234375,22132.09932810426
2016-07-28,22174.33984375,22221.35909372926
2016-07-29,21891.369140625,22176.70870310426
2016-08-01,22129.140625,21893.73799997926
2016-08-03,21739.119140625,22131.50948435426
2016-08-04,21832.23046875,21741.48799997926
2016-08-05,22146.08984375,21834.59932810426
2016-08-08,22494.759765625,22148.45870310426
2016-08-09,22465.609375,22497.12862497926
2016-08-10,22492.4296875,22467.97823435426
2016-08-11,22580.55078125,22494.79854685426
2016-08-12,22766.91015625,22582.91964060426
2016-08-15,22932.509765625,22769.27901560426
2016-08-16,22910.83984375,22934.87862497926
2016-08-17,22799.779296875,22913.20870310426
2016-08-18,23023.16015625,22802.14815622926
2016-08-19,22937.220703125,23025.52901560426
2016-08-22,22997.91015625,22939.58956247926
2016-08-23,22998.9296875,23000.27901560426
2016-08-24,22820.779296875,23001.29854685426
2016-08-25,22814.94921875,22823.14815622926
2016-08-26,22909.5390625,22817.31807810426
2016-08-29,22821.33984375,22911.90792185426
2016-08-30,23016.109375,22823.70870310426
2016-08-31,22976.880859375,23018.47823435426
2016-09-01,23162.33984375,22979.24971872926
2016-09-02,23266.69921875,23164.70870310426
2016-09-05,23649.55078125,23269.06807810426
2016-09-06,23787.6796875,23651.91964060426
2016-09-07,23741.810546875,23790.04854685426
2016-09-08,23919.33984375,23744.17940622926
2016-09-09,24099.69921875,23922.111936096273
2016-09-12,23290.599609375,24102.471311096273
2016-09-13,23215.759765625,23293.371701721273
2016-09-14,23190.640625,23218.531857971273
2016-09-15,23335.58984375,23193.412717346273
2016-09-19,23550.44921875,23338.361936096273
2016-09-20,23530.859375,23553.221311096273
2016-09-21,23669.900390625,23533.631467346273
2016-09-22,23759.80078125,23672.672482971273
2016-09-23,23686.48046875,23762.572873596273
2016-09-26,23317.919921875,23689.252561096273
2016-09-27,23571.900390625,23320.692014221273
2016-09-28,23619.650390625,23574.672482971273
2016-09-29,23739.470703125,23622.422482971273
2016-09-30,23297.150390625,23742.242795471273
2016-10-03,23584.4296875,23299.922482971273
2016-10-04,23689.439453125,23587.201779846273
2016-10-05,23788.310546875,23692.211545471273
2016-10-06,23952.5,23791.082639221273
2016-10-07,23851.8203125,23955.272092346273
2016-10-11,23549.51953125,23854.592404846273
2016-10-12,23407.05078125,23552.291623596273
2016-10-13,23031.30078125,23409.822873596273
2016-10-14,23233.310546875,23034.072873596273
2016-10-17,23037.5390625,23236.082639221273
2016-10-18,23394.390625,23040.311154846273
2016-10-19,23304.970703125,23397.162717346273
2016-10-20,23374.400390625,23307.742795471273
2016-10-24,23604.080078125,23377.172482971273
2016-10-25,23565.109375,23606.852170471273
2016-10-26,23325.4296875,23567.881467346273
2016-10-27,23132.349609375,23328.201779846273
2016-10-28,22954.810546875,23135.121701721273
2016-10-31,22934.5390625,22957.582639221273
2016-11-01,23147.0703125,22937.311154846273
2016-11-02,22810.5,23149.842404846273
2016-11-03,22683.509765625,22813.272092346273
2016-11-04,22642.619140625,22686.281857971273
2016-11-07,22801.400390625,22645.391232971273
2016-11-08,22909.470703125,22804.172482971273
2016-11-09,22415.189453125,22912.242795471273
2016-11-10,22839.109375,22417.961545471273
2016-11-11,22531.08984375,22841.881467346273
2016-11-14,22222.220703125,22533.861936096273
2016-11-15,22323.91015625,22224.992795471273
2016-11-16,22280.529296875,22326.682248596273
2016-11-17,22262.880859375,22283.301389221273
2016-11-18,22344.2109375,22265.652951721273
2016-11-21,22357.779296875,22346.983029846273
2016-11-22,22678.0703125,22360.551389221273
2016-11-23,22676.689453125,22680.842404846273
2016-11-24,22608.490234375,22679.461545471273
2016-11-25,22723.44921875,22611.262326721273
2016-11-28,22830.5703125,22726.221311096273
2016-11-29,22737.0703125,22833.342404846273
2016-11-30,22789.76953125,22739.842404846273
2016-12-01,22878.23046875,22792.541623596273
2016-12-02,22564.8203125,22881.002561096273
2016-12-05,22505.55078125,22567.592404846273
2016-12-06,22675.150390625,22508.322873596273
2016-12-07,22800.919921875,22677.922482971273
2016-12-08,22861.83984375,22803.692014221273
2016-12-09,22760.98046875,22864.611936096273
2016-12-12,22433.01953125,22763.752561096273
2016-12-13,22446.69921875,22435.791623596273
2016-12-14,22456.619140625,22449.471311096273
2016-12-15,22059.400390625,22459.391232971273
2016-12-16,22020.75,22062.172482971273
2016-12-19,21832.6796875,22023.522092346273
2016-12-20,21729.060546875,21835.451779846273
2016-12-21,21809.80078125,21731.832639221273
2016-12-22,21636.19921875,21812.572873596273
2016-12-23,21574.759765625,21638.971311096273
2016-12-28,21754.740234375,21577.531857971273
2016-12-29,21790.91015625,21757.512326721273
2016-12-30,22000.560546875,21793.682248596273
2017-01-03,22150.400390625,22003.332639221273
2017-01-04,22134.470703125,22153.172482971273
2017-01-05,22456.689453125,22137.242795471273
2017-01-06,22503.009765625,22459.461545471273
2017-01-09,22558.689453125,22505.781857971273
2017-01-10,22744.849609375,22561.461545471273
2017-01-11,22935.349609375,22747.621701721273
2017-01-12,22829.01953125,22938.121701721273
2017-01-13,22937.380859375,22831.791623596273
2017-01-16,22718.150390625,22940.152951721273
2017-01-17,22840.970703125,22720.922482971273
2017-01-18,23098.259765625,22843.742795471273
2017-01-19,23049.9609375,23101.031857971273
2017-01-20,22885.91015625,23052.733029846273
2017-01-23,22898.51953125,22888.682248596273
2017-01-24,22949.859375,22901.291623596273
2017-01-25,23049.119140625,22952.631467346273
2017-01-26,23374.169921875,23051.891232971273
2017-01-27,23360.779296875,23376.942014221273
2017-02-01,23318.390625,23363.551389221273
2017-02-02,23184.51953125,23321.162717346273
2017-02-03,23129.2109375,23187.291623596273
2017-02-06,23348.240234375,23131.983029846273
2017-02-07,23331.5703125,23351.012326721273
2017-02-08,23485.130859375,23334.342404846273
2017-02-09,23525.140625,23487.902951721273
2017-02-10,23574.98046875,23527.93566905914
2017-02-13,23710.98046875,23577.77551280914
2017-02-14,23703.009765625,23713.77551280914
2017-02-15,23994.869140625,23705.80480968414
2017-02-16,24107.69921875,23997.66418468414
2017-02-17,24033.740234375,24110.49426280914
2017-02-20,24146.080078125,24036.53527843414
2017-02-21,23963.630859375,24148.87512218414
2017-02-22,24201.9609375,23966.42590343414
2017-02-23,24114.859375,24204.75598155914
2017-02-24,23965.69921875,24117.65441905914
2017-02-27,23925.05078125,23968.49426280914
2017-02-28,23740.73046875,23927.84582530914
2017-03-01,23776.490234375,23743.52551280914
2017-03-02,23728.0703125,23779.28527843414
2017-03-03,23552.720703125,23730.86535655914
2017-03-06,23596.279296875,23555.51574718414
2017-03-07,23681.0703125,23599.07434093414
2017-03-08,23782.26953125,23683.86535655914
2017-03-09,23501.560546875,23785.06457530914
2017-03-10,23568.669921875,23504.35559093414
2017-03-13,23829.669921875,23571.46496593414
2017-03-14,23827.94921875,23832.46496593414
2017-03-15,23792.849609375,23830.74426280914
2017-03-16,24288.279296875,23795.64465343414
2017-03-17,24309.9296875,24291.07434093414
2017-03-20,24501.990234375,24312.72473155914
2017-03-21,24593.119140625,24504.78527843414
2017-03-22,24320.41015625,24595.91418468414
2017-03-23,24327.69921875,24323.20520030914
2017-03-24,24358.26953125,24330.49426280914
2017-03-27,24193.69921875,24361.06457530914
2017-03-28,24345.869140625,24196.49426280914
2017-03-29,24392.05078125,24348.66418468414
2017-03-30,24301.08984375,24394.84582530914
2017-03-31,24111.58984375,24303.94275075756
2017-04-03,24261.48046875,24114.44275075756
2017-04-05,24400.80078125,24264.33337575756
2017-04-06,24273.720703125,24403.65368825756
2017-04-07,24267.30078125,24276.57361013256
2017-04-10,24262.1796875,24270.15368825756
2017-04-11,24088.4609375,24265.03259450756
2017-04-12,24313.5,24091.31384450756
2017-04-13,24261.66015625,24316.35290700756
2017-04-18,23924.5390625,24264.51306325756
2017-04-19,23825.880859375,23927.39196950756
2017-04-20,24056.98046875,23828.73376638256
2017-04-21,24042.01953125,24059.83337575756
2017-04-24,24139.48046875,24044.87243825756
2017-04-25,24455.939453125,24142.33337575756
2017-04-26,24578.4296875,24458.79236013256
2017-04-27,24698.48046875,24581.28259450756
2017-04-28,24615.130859375,24701.33337575756
2017-05-02,24696.130859375,24617.98376638256
2017-05-04,24683.880859375,24698.98376638256
2017-05-05,24476.349609375,24686.73376638256
2017-05-08,24577.91015625,24479.20251638256
2017-05-09,24889.029296875,24580.76306325756
2017-05-10,25015.419921875,24891.88220388256
2017-05-11,25125.55078125,25018.27282888256
2017-05-12,25156.33984375,25128.40368825756
2017-05-15,25371.58984375,25159.19275075756
2017-05-16,25335.939453125,25374.44275075756
2017-05-17,25293.630859375,25338.79236013256
2017-05-18,25136.51953125,25296.48376638256
2017-05-19,25174.869140625,25139.37243825756
2017-05-22,25391.33984375,25177.72204763256
2017-05-23,25403.150390625,25394.19275075756
2017-05-24,25428.5,25406.103507473566
2017-05-25,25630.779296875,25431.453116848566
2017-05-26,25639.26953125,25633.732413723566
2017-05-29,25701.630859375,25642.222648098566
2017-05-31,25660.650390625,25704.583976223566
2017-06-01,25809.220703125,25663.603507473566
2017-06-02,25924.05078125,25812.173819973566
2017-06-05,25862.990234375,25927.003898098566
2017-06-06,25997.140625,25865.943351223566
2017-06-07,25974.16015625,26000.093741848566
2017-06-08,26063.060546875,25977.113273098566
2017-06-09,26030.2890625,26066.013663723566
2017-06-12,25708.0390625,26033.242179348566
2017-06-13,25852.099609375,25710.992179348566
2017-06-14,25875.900390625,25855.052726223566
2017-06-15,25565.33984375,25878.853507473566
2017-06-16,25626.490234375,25568.292960598566
2017-06-19,25924.55078125,25629.443351223566
2017-06-20,25843.0390625,25927.503898098566
2017-06-21,25694.580078125,25845.992179348566
2017-06-22,25674.529296875,25697.533194973566
2017-06-23,25670.05078125,25677.482413723566
2017-06-26,25871.890625,25673.003898098566
2017-06-27,25839.990234375,25874.843741848566
2017-06-28,25683.5,25842.943351223566
2017-06-29,25965.419921875,25686.453116848566
2017-06-30,25764.580078125,25968.373038723566
2017-07-03,25784.169921875,25767.533194973566
2017-07-04,25389.009765625,25787.123038723566
2017-07-05,25521.970703125,25391.962882473566
2017-07-06,25465.220703125,25524.923819973566
2017-07-07,25340.849609375,25468.173819973566
2017-07-10,25500.060546875,25343.802726223566
2017-07-11,25877.640625,25503.013663723566
2017-07-12,26043.640625,25880.593741848566
2017-07-13,26346.169921875,26046.593741848566
2017-07-14,26389.23046875,26349.123038723566
2017-07-17,26470.580078125,26392.183585598566
2017-07-18,26524.939453125,26473.533194973566
2017-07-19,26672.16015625,26527.892569973566
2017-07-20,26740.2109375,26675.24518957537
2017-07-21,26706.08984375,26743.29597082537
2017-07-24,26846.830078125,26709.17487707537
2017-07-25,26852.05078125,26849.91511145037
2017-07-26,26941.01953125,26855.13581457537
2017-07-27,27131.169921875,26944.10456457537
2017-07-28,26979.390625,27134.25495520037
2017-07-31,27323.990234375,26982.47565832537
2017-08-01,27540.23046875,27327.07526770037
2017-08-02,27607.380859375,27543.31550207537
2017-08-03,27531.009765625,27610.46589270037
2017-08-04,27562.6796875,27534.09479895037
2017-08-07,27690.359375,27565.76472082537
2017-08-08,27854.91015625,27693.44440832537
2017-08-09,27757.08984375,27857.99518957537
2017-08-10,27444.0,27760.17487707537
2017-08-11,26883.509765625,27447.08503332537
2017-08-14,27250.23046875,26886.59479895037
2017-08-15,27174.9609375,27253.31550207537
2017-08-16,27409.0703125,27178.04597082537
2017-08-17,27344.220703125,27412.15534582537
2017-08-18,27047.5703125,27347.30573645037
2017-08-21,27154.6796875,27050.65534582537
2017-08-22,27401.669921875,27157.76472082537
2017-08-24,27518.599609375,27404.75495520037
2017-08-25,27848.16015625,27521.68464270037
2017-08-28,27863.2890625,27851.24518957537
2017-08-29,27765.009765625,27866.37409582537
2017-08-30,28094.609375,27768.09479895037
2017-08-31,27970.30078125,28097.69440832537
2017-09-01,27953.16015625,27973.38581457537
2017-09-04,27740.259765625,27956.24518957537
2017-09-05,27741.349609375,27743.34479895037
2017-09-06,27613.759765625,27744.43464270037
2017-09-07,27522.919921875,27616.84479895037
2017-09-08,27668.470703125,27526.00495520037
2017-09-11,27955.130859375,27671.55573645037
2017-09-12,27972.240234375,27958.21589270037
2017-09-13,27894.080078125,27975.32526770037
2017-09-14,27777.19921875,27897.16511145037
2017-09-15,27807.58984375,27780.28425207537
2017-09-18,28159.76953125,27810.67487707537
2017-09-19,28051.41015625,28162.85456457537
2017-09-20,28127.80078125,28054.49518957537
2017-09-21,28110.330078125,28130.88581457537
2017-09-22,27880.529296875,28113.41511145037
2017-09-25,27500.33984375,27883.61433020037
2017-09-26,27513.009765625,27503.42487707537
2017-09-27,27642.4296875,27516.09479895037
2017-09-28,27421.599609375,27645.51472082537
2017-09-29,27554.30078125,27424.68464270037
2017-10-03,28173.2109375,27557.38581457537
2017-10-04,28379.1796875,28176.29597082537
2017-10-06,28458.0390625,28382.26472082537
2017-10-09,28326.58984375,28461.12409582537
2017-10-10,28490.830078125,28329.67487707537
2017-10-11,28389.5703125,28493.91511145037
2017-10-12,28459.029296875,28392.65534582537
2017-10-13,28476.4296875,28462.11433020037
2017-10-16,28692.80078125,28479.51472082537
2017-10-17,28697.490234375,28695.88581457537
2017-10-18,28711.759765625,28700.57526770037
2017-10-19,28159.08984375,28714.84479895037
2017-10-20,28487.240234375,28162.17487707537
2017-10-23,28305.880859375,28490.32526770037
2017-10-24,28154.970703125,28308.96589270037
2017-10-25,28302.890625,28158.05573645037
2017-10-26,28202.380859375,28305.97565832537
2017-10-27,28438.849609375,28205.46589270037
2017-10-30,28336.189453125,28441.93464270037
2017-10-31,28245.5390625,28339.27448645037
2017-11-01,28594.060546875,28248.62409582537
2017-11-02,28518.640625,28597.14558020037
2017-11-03,28603.609375,28521.72565832537
2017-11-06,28596.80078125,28606.69440832537
2017-11-07,28994.33984375,28599.88581457537
2017-11-08,28907.599609375,28997.42487707537
2017-11-09,29136.5703125,28910.68464270037
2017-11-10,29120.919921875,29139.65534582537
2017-11-13,29182.1796875,29124.00495520037
2017-11-14,29152.119140625,29185.26472082537
2017-11-15,28851.689453125,29155.20417395037
2017-11-16,29018.759765625,28854.77448645037
2017-11-17,29199.0390625,29021.84479895037
2017-11-20,29260.310546875,29202.12409582537
2017-11-21,29818.0703125,29263.39558020037
2017-11-22,30003.490234375,29821.15534582537
2017-11-23,29707.939453125,30006.57526770037
2017-11-24,29866.3203125,29711.02448645037
2017-11-27,29686.189453125,29869.40534582537
2017-11-28,29680.849609375,29689.27448645037
2017-11-29,29623.830078125,29683.93464270037
2017-11-30,29177.349609375,29626.91511145037
2017-12-01,29074.240234375,29180.43464270037
2017-12-04,29138.279296875,29077.32526770037
2017-12-05,28842.80078125,29141.36433020037
2017-12-06,28224.80078125,28845.88581457537
2017-12-07,28303.189453125,28227.88581457537
2017-12-08,28639.849609375,28306.27448645037
2017-12-11,28965.2890625,28642.93464270037
2017-12-12,28793.880859375,28968.37409582537
2017-12-13,29222.099609375,28796.96589270037
2017-12-14,29166.380859375,29225.18464270037
2017-12-15,28848.109375,29169.46589270037
2017-12-18,29050.41015625,28851.19440832537
2017-12-19,29253.66015625,29053.49518957537
2017-12-20,29234.08984375,29256.74518957537
2017-12-21,29367.060546875,29237.17487707537
2017-12-22,29578.009765625,29370.14558020037
2017-12-27,29597.66015625,29581.09479895037
2017-12-28,29863.7109375,29600.74518957537
2017-12-29,29919.150390625,29866.79597082537
2018-01-02,30515.310546875,29922.23542395037
2018-01-03,30560.94921875,30519.394434763235
2018-01-04,30736.48046875,30565.033106638235
2018-01-05,30814.640625,30740.564356638235
2018-01-08,30899.529296875,30818.724512888235
2018-01-09,31011.41015625,30903.613184763235
2018-01-10,31073.720703125,31015.494044138235
2018-01-11,31120.390625,31077.804591013235
2018-01-12,31412.5390625,31124.474512888235
2018-01-15,31338.869140625,31416.622950388235
2018-01-16,31904.75,31342.953028513235
2018-01-17,31983.41015625,31908.833887888235
2018-01-18,32121.939453125,31987.494044138235
2018-01-19,32254.890625,32126.023341013235
2018-01-22,32393.41015625,32258.974512888235
2018-01-23,32930.69921875,32397.494044138235
2018-01-24,32958.69140625,32934.783106638235
2018-01-25,32654.44921875,32962.775294138235
2018-01-26,33154.12109375,32658.533106638235
2018-01-29,32966.890625,33158.204981638235
2018-01-30,32607.2890625,32970.974512888235
2018-01-31,32887.26953125,32611.372950388235
2018-02-01,32642.08984375,32891.353419138235
2018-02-02,32601.779296875,32646.173731638235
2018-02-05,32245.220703125,32605.863184763235
2018-02-06,30595.419921875,32249.304591013235
2018-02-07,30323.19921875,30599.263562383756
2018-02-08,30451.26953125,30327.042859258756
2018-02-09,29507.419921875,30455.113171758756
2018-02-12,29459.630859375,29511.263562383756
2018-02-13,29839.529296875,29463.474499883756
2018-02-14,30515.599609375,29843.372937383756
2018-02-15,31115.4296875,30519.443249883756
2018-02-20,30873.630859375,31119.206531695378
2018-02-21,31431.890625,30877.407703570378
2018-02-22,30965.6796875,31435.667469195378
2018-02-23,31267.169921875,30969.456531695378
2018-02-26,31498.599609375,31270.946766070378
2018-02-27,31268.66015625,31502.376453570378
2018-02-28,30844.720703125,31272.437000445378
2018-03-01,31044.25,30848.497547320378
2018-03-02,30583.44921875,31048.026844195378
2018-03-05,29886.390625,30587.226062945378
2018-03-06,30510.73046875,29890.046291245973
2018-03-07,30196.919921875,30514.386134995973
2018-03-08,30654.51953125,30200.575588120973
2018-03-09,30996.2109375,30658.175197495973
2018-03-12,31594.330078125,30999.866603745973
2018-03-13,31601.44921875,31597.985744370973
2018-03-14,31435.009765625,31605.104884995973
2018-03-15,31541.099609375,31438.665431870973
2018-03-16,31501.970703125,31544.755275620973
2018-03-19,31513.759765625,31505.626369370973
2018-03-20,31549.9296875,31517.415431870973
2018-03-21,31414.51953125,31553.585353745973
2018-03-22,31071.05078125,31418.175197495973
2018-03-23,30309.2890625,31074.706447495973
2018-03-26,30548.76953125,30312.914868849024
2018-03-27,30790.830078125,30552.395337599024
2018-03-28,30022.529296875,30794.455884474024
2018-03-29,30093.380859375,30026.155103224024
2018-04-03,30180.099609375,30097.006665724024
2018-04-04,29518.689453125,30183.725415724024
2018-04-06,29844.939453125,29522.315259474024
2018-04-09,30229.580078125,29848.565259474024
2018-04-10,30728.740234375,30233.183988385736
2018-04-11,30897.7109375,30732.344144635736
2018-04-12,30831.279296875,30901.314847760736
2018-04-13,30808.380859375,30834.883207135736
2018-04-16,30315.58984375,30811.984769635736
2018-04-17,30062.75,30319.193754010736
2018-04-18,30284.25,30066.353910260736
2018-04-19,30708.439453125,30287.853910260736
2018-04-20,30418.330078125,30712.043363385736
2018-04-23,30254.400390625,30421.933988385736
2018-04-24,30636.240234375,30258.004300885736
2018-04-25,30328.150390625,30639.844144635736
2018-04-26,30007.6796875,30331.754300885736
2018-04-27,30280.669921875,30011.283597760736
2018-04-30,30808.44921875,30284.273832135736
2018-05-02,30723.880859375,30812.053129010736
2018-05-03,30313.369140625,30727.484769635736
2018-05-04,29926.5,30316.973050885736
2018-05-07,29994.259765625,29930.069014315635
2018-05-08,30402.810546875,29997.828779940635
2018-05-09,30536.140625,30406.379561190635
2018-05-10,30809.220703125,30539.709639315635
2018-05-11,31122.060546875,30812.789717440635
2018-05-14,31541.080078125,31125.629561190635
2018-05-15,31152.029296875,31544.649092440635
2018-05-16,31110.19921875,31155.598311190635
2018-05-17,30942.150390625,31113.768233065635
2018-05-18,31047.91015625,30945.719404940635
2018-05-21,31234.349609375,31051.479170565635
2018-05-23,30665.640625,31237.918623690635
2018-05-24,30760.41015625,30669.209639315635
2018-05-25,30588.0390625,30763.979170565635
2018-05-28,30792.259765625,30591.608076815635
2018-05-29,30484.580078125,30795.828779940635
2018-05-30,30056.7890625,30488.149092440635
2018-05-31,30468.560546875,30060.358076815635
2018-06-01,30492.91015625,30472.129561190635
2018-06-04,30997.98046875,30496.479170565635
2018-06-05,31093.44921875,31001.549483065635
2018-06-06,31259.099609375,31097.018233065635
2018-06-07,31512.630859375,31262.668623690635
2018-06-08,30958.2109375,31516.199873690635
2018-06-11,31063.69921875,30961.779951815635
2018-06-12,31103.060546875,31067.268233065635
2018-06-13,30725.150390625,31106.629561190635
2018-06-14,30440.169921875,30728.719404940635
2018-06-15,30309.490234375,30443.74844564473
2018-06-19,29468.150390625,30313.06875814473
2018-06-20,29696.169921875,29471.72891439473
2018-06-21,29296.05078125,29699.74844564473
2018-06-22,29338.69921875,29299.62930501973
2018-06-25,28961.390625,29342.27774251973
2018-06-26,28881.400390625,28964.96914876973
2018-06-27,28356.259765625,28884.97891439473
2018-06-28,28497.3203125,28359.83828939473
2018-06-29,28955.109375,28500.89883626973
2018-07-03,28545.5703125,28958.590467076636
2018-07-04,28241.669921875,28549.051404576636
2018-07-05,28182.08984375,28245.151013951636
2018-07-06,28315.619140625,28185.570935826636
2018-07-09,28688.5,28319.100232701636
2018-07-10,28682.25,28691.981092076636
2018-07-11,28311.689453125,28685.731092076636
2018-07-12,28480.830078125,28315.170545201636
2018-07-13,28525.439453125,28484.311170201636
2018-07-16,28539.66015625,28528.920545201636
2018-07-17,28181.6796875,28543.141248326636
2018-07-18,28117.419921875,28185.160779576636
2018-07-19,28010.859375,28120.901013951636
2018-07-20,28224.48046875,28014.340467076636
2018-07-23,28256.119140625,28227.961560826636
2018-07-24,28662.5703125,28259.600232701636
2018-07-25,28920.900390625,28666.051404576636
2018-07-26,28781.140625,28924.381482701636
2018-07-27,28804.279296875,28784.621717076636
2018-07-30,28733.130859375,28807.760388951636
2018-07-31,28583.009765625,28736.611951451636
2018-08-01,28340.740234375,28586.490857701636
2018-08-02,27714.560546875,28344.221326451636
2018-08-03,27676.3203125,27718.041638951636
2018-08-06,27819.560546875,27679.801404576636
2018-08-07,28248.880859375,27823.041638951636
2018-08-08,28359.140625,28252.361951451636
2018-08-09,28607.30078125,28362.621717076636
2018-08-10,28366.619140625,28610.781873326636
2018-08-13,27936.5703125,28370.100232701636
2018-08-14,27752.9296875,27940.051404576636
2018-08-15,27323.58984375,27756.410779576636
2018-08-16,27100.060546875,27327.070935826636
2018-08-17,27213.41015625,27103.541638951636
2018-08-20,27598.01953125,27216.891248326636
2018-08-21,27752.7890625,27601.500623326636
2018-08-22,27927.580078125,27756.270154576636
2018-08-23,27790.4609375,27931.061170201636
2018-08-24,27671.869140625,27793.942029576636
2018-08-27,28271.26953125,27675.350232701636
2018-08-28,28351.619140625,28274.750623326636
2018-08-29,28416.439453125,28355.100232701636
2018-08-30,28164.05078125,28419.920545201636
2018-08-31,27888.55078125,28167.531873326636
2018-09-03,27712.5390625,27892.031873326636
2018-09-04,27973.33984375,27716.020154576636
2018-09-05,27243.849609375,27976.820935826636
2018-09-06,26974.8203125,27247.145566001498
2018-09-07,26973.470703125,26978.116269126498
2018-09-10,26613.419921875,26976.766659751498
2018-09-11,26422.55078125,26616.715878501498
2018-09-12,26345.0390625,26425.846737876498
2018-09-13,27014.490234375,26348.335019126498
2018-09-14,27286.41015625,27017.786191001498
2018-09-17,26932.849609375,27289.706112876498
2018-09-18,27084.66015625,26936.145566001498
2018-09-19,27407.369140625,27087.956112876498
2018-09-20,27477.669921875,27410.665097251498
2018-09-21,27953.580078125,27480.965878501498
2018-09-24,27499.390625,27956.876034751498
2018-09-26,27816.869140625,27502.686581626498
2018-09-27,27715.669921875,27820.165097251498
2018-09-28,27788.51953125,27718.965878501498
2018-10-02,27126.380859375,27791.815487876498
2018-10-03,27091.259765625,27129.676816001498
2018-10-04,26623.869140625,27094.555722251498
2018-10-05,26572.5703125,26627.042141165282
2018-10-08,26202.5703125,26575.743313040282
2018-10-09,26172.91015625,26205.743313040282
2018-10-10,26193.0703125,26176.083156790282
2018-10-11,25266.369140625,26196.243313040282
2018-10-12,25801.490234375,25269.542141165282
2018-10-15,25445.060546875,25804.663234915282
2018-10-16,25462.259765625,25448.233547415282
2018-10-18,25454.55078125,25465.432766165282
2018-10-19,25561.400390625,25457.723781790282
2018-10-22,26153.150390625,25564.573391165282
2018-10-23,25346.55078125,26156.23487270496
2018-10-24,25249.779296875,25349.63526332996
2018-10-25,24994.4609375,25252.86377895496
2018-10-26,24717.630859375,24997.54541957996
2018-10-29,24812.0390625,24720.71534145496
2018-10-30,24585.529296875,24815.12354457996
2018-10-31,24979.689453125,24588.61377895496
2018-11-01,25416.0,24982.77393520496
2018-11-02,26486.349609375,25419.08448207996
2018-11-05,25934.390625,26489.412579398184
2018-11-06,26120.9609375,25937.453595023184
2018-11-07,26147.689453125,26124.023907523184
2018-11-08,26227.720703125,26150.752423148184
2018-11-09,25601.919921875,26230.783673148184
2018-11-12,25633.1796875,25604.982891898184
2018-11-13,25792.869140625,25636.242657523184
2018-11-14,25654.4296875,25795.932110648184
2018-11-15,26103.33984375,25657.492657523184
2018-11-16,26183.529296875,26106.402813773184
2018-11-19,26372.0,26186.592266898184
2018-11-20,25840.33984375,26375.062970023184
2018-11-21,25971.470703125,25843.402813773184
2018-11-22,26019.41015625,25974.533673148184
2018-11-23,25927.6796875,26022.473126273184
2018-11-26,26376.1796875,25930.742657523184
2018-11-27,26331.9609375,26379.242657523184
2018-11-28,26682.560546875,26335.023907523184
2018-11-29,26451.029296875,26685.623516898184
2018-11-30,26506.75,26454.092266898184
2018-12-03,27182.0390625,26509.812970023184
2018-12-04,27260.439453125,27185.102032523184
2018-12-05,26819.6796875,27263.502423148184
2018-12-06,26156.380859375,26822.74859391973
2018-12-07,26063.759765625,26159.44976579473
2018-12-10,25752.380859375,26066.82867204473
2018-12-11,25771.669921875,25755.44976579473
2018-12-12,26186.7109375,25774.73882829473
2018-12-13,26524.349609375,26189.77984391973
2018-12-14,26094.7890625,26527.41851579473
2018-12-17,26087.98046875,26097.85796891973
2018-12-18,25814.25,26091.04937516973
2018-12-19,25865.390625,25817.31890641973
2018-12-20,25623.529296875,25868.45953141973
2018-12-21,25753.419921875,25626.59820329473
2018-12-24,25651.380859375,25756.48882829473
2018-12-27,25478.880859375,25654.44976579473
2018-12-28,25504.19921875,25481.94976579473
2018-12-31,25845.69921875,25507.26812516973
2019-01-02,25130.349609375,25848.76812516973
2019-01-03,25064.359375,25133.41851579473
2019-01-04,25626.029296875,25067.42828141973
2019-01-07,25835.69921875,25629.01965921741
2019-01-08,25875.44921875,25838.68958109241
2019-01-09,26462.3203125,25878.43958109241
2019-01-10,26521.4296875,26465.31067484241
2019-01-11,26667.26953125,26524.42004984241
2019-01-14,26298.330078125,26670.25989359241
2019-01-15,26830.2890625,26301.32044046741
2019-01-16,26902.099609375,26833.27942484241
2019-01-17,26755.630859375,26905.08997171741
2019-01-18,27090.810546875,26758.62122171741
2019-01-21,27196.5390625,27093.80090921741
2019-01-22,27005.44921875,27199.52942484241
2019-01-23,27008.19921875,27008.43958109241
2019-01-24,27120.98046875,27011.18958109241
2019-01-25,27569.189453125,27123.97083109241
2019-01-28,27576.9609375,27572.17981546741
2019-01-29,27531.6796875,27579.95129984241
2019-01-30,27642.849609375,27534.67004984241
2019-01-31,27942.470703125,27645.83997171741
2019-02-01,27930.740234375,27945.46106546741
2019-02-04,27990.2109375,27933.73059671741
2019-02-08,27946.3203125,27993.20129984241
2019-02-11,28143.83984375,27949.31067484241
2019-02-12,28171.330078125,28146.83020609241
2019-02-13,28497.58984375,28174.32044046741
2019-02-14,28432.05078125,28500.58020609241
2019-02-15,27900.83984375,28435.04114359241
2019-02-18,28347.009765625,27903.83020609241
2019-02-19,28228.130859375,28350.00012796741
2019-02-20,28514.05078125,28231.12122171741
2019-02-21,28629.919921875,28517.04114359241
2019-02-22,28816.30078125,28632.91028421741
2019-02-25,28959.30078125,28819.29114359241
2019-02-26,28772.060546875,28962.29114359241
2019-02-27,28757.439453125,28775.05090921741
2019-02-28,28633.1796875,28760.42981546741
2019-03-01,28812.169921875,28636.17004984241
2019-03-04,28959.58984375,28815.16028421741
2019-03-05,28961.599609375,28962.58020609241
2019-03-06,29037.599609375,28964.58997171741
2019-03-07,28779.44921875,29040.58997171741
2019-03-08,28228.419921875,28782.43958109241
2019-03-11,28503.30078125,28231.41028421741
2019-03-12,28920.869140625,28506.29114359241
2019-03-13,28807.44921875,28923.85950296741
2019-03-14,28851.390625,28810.43958109241
2019-03-15,29012.259765625,28854.38098734241
2019-03-18,29409.009765625,29015.25012796741
2019-03-19,29466.279296875,29412.00012796741
2019-03-20,29320.970703125,29469.26965921741
2019-03-21,29071.560546875,29323.96106546741
2019-03-22,29113.359375,29074.55090921741
2019-03-25,28523.349609375,29116.34973734241
2019-03-26,28566.91015625,28526.33997171741
2019-03-27,28728.25,28569.90051859241
2019-03-28,28775.2109375,28731.24036234241
2019-03-29,29051.359375,28778.20129984241
2019-04-01,29562.01953125,29054.34973734241
2019-04-02,29624.669921875,29565.00989359241
2019-04-03,29986.390625,29627.66028421741
2019-04-04,29936.3203125,29989.38098734241
2019-04-08,30077.150390625,29939.31067484241
2019-04-09,30157.490234375,30080.14075296741
2019-04-10,30119.560546875,30160.48059671741
2019-04-11,29839.44921875,30122.55090921741
2019-04-12,29909.759765625,29842.43958109241
2019-04-15,29810.720703125,29912.75012796741
2019-04-16,30129.869140625,29813.71106546741
2019-04-17,30124.6796875,30132.85950296741
2019-04-18,29963.259765625,30127.67004984241
2019-04-23,29963.240234375,29966.25012796741
2019-04-24,29805.830078125,29966.23059671741
2019-04-25,29549.80078125,29808.82044046741
2019-04-26,29605.009765625,29552.79114359241
2019-04-29,29892.810546875,29608.00012796741
2019-04-30,29699.109375,29895.80090921741
2019-05-02,29944.1796875,29702.09973734241
2019-05-03,30081.55078125,29947.17004984241
2019-05-06,29209.8203125,30084.54114359241
2019-05-07,29363.01953125,29212.81067484241
2019-05-08,29003.19921875,29366.00989359241
2019-05-09,28311.0703125,29006.18958109241
2019-05-10,28550.240234375,28314.1825377933
2019-05-14,28122.01953125,28553.3524596683
2019-05-15,28268.7109375,28125.1317565433
2019-05-16,28275.0703125,28271.8231627933
2019-05-17,27946.4609375,28278.1825377933
2019-05-20,27787.609375,27949.5731627933
2019-05-21,27657.240234375,27790.7216002933
2019-05-22,27705.939453125,27660.3524596683
2019-05-23,27267.130859375,27709.0516784183
2019-05-24,27353.9296875,27270.2430846683
2019-05-27,27288.08984375,27357.0419127933
2019-05-28,27390.810546875,27291.2020690433
2019-05-29,27235.7109375,27393.9227721683
2019-05-30,27114.880859375,27238.8231627933
2019-05-31,26901.08984375,27117.9930846683
2019-06-03,26893.859375,26904.2020690433
2019-06-04,26761.51953125,26896.9716002933
2019-06-05,26895.439453125,26764.6317565433
2019-06-06,26965.279296875,26898.5516784183
2019-06-10,27578.640625,26968.3915221683
2019-06-11,27789.33984375,27581.7528502933
2019-06-12,27308.4609375,27792.4520690433
2019-06-13,27294.7109375,27311.5731627933
2019-06-14,27118.349609375,27297.8231627933
2019-06-17,27227.16015625,27121.4618346683
2019-06-18,27498.76953125,27230.2723815433
2019-06-19,28202.140625,27501.8817565433
2019-06-20,28550.4296875,28205.2528502933
2019-06-21,28473.7109375,28553.5419127933
2019-06-24,28513.0,28476.8231627933
2019-06-25,28185.98046875,28516.1122252933
2019-06-26,28221.98046875,28189.0926940433
2019-06-27,28621.419921875,28225.0926940433
2019-06-28,28542.619140625,28624.5321471683
2019-07-02,28875.560546875,28545.7313659183
2019-07-03,28855.140625,28878.6727721683
2019-07-04,28795.76953125,28858.2528502933
2019-07-05,28774.830078125,28798.8817565433
2019-07-08,28331.689453125,28777.9423034183
2019-07-09,28116.279296875,28334.8016784183
2019-07-10,28204.689453125,28119.3915221683
2019-07-11,28431.80078125,28207.8016784183
2019-07-12,28471.619140625,28434.9130065433
2019-07-15,28554.880859375,28474.7313659183
2019-07-16,28619.619140625,28557.9930846683
2019-07-17,28593.169921875,28622.7313659183
2019-07-18,28461.66015625,28596.2821471683
2019-07-19,28765.400390625,28464.7723815433
2019-07-22,28371.259765625,28768.5126159183
2019-07-23,28466.48046875,28374.3719909183
2019-07-24,28524.0390625,28469.5926940433
2019-07-25,28594.30078125,28527.1512877933
2019-07-26,28397.740234375,28597.4130065433
2019-07-29,28106.41015625,28400.8524596683
2019-07-30,28146.5,28109.5223815433
2019-07-31,27777.75,28149.6122252933
2019-08-01,27565.69921875,27780.8622252933
2019-08-02,26918.580078125,27568.8114440433
2019-08-05,26151.3203125,26921.6923034183
2019-08-06,25976.240234375,26154.337658647073
2019-08-07,25997.029296875,25979.257580522073
2019-08-08,26120.76953125,26000.046643022073
2019-08-09,25939.30078125,26123.786877397073
2019-08-12,25824.720703125,25942.318127397073
2019-08-13,25281.30078125,25827.738049272073
2019-08-14,25302.279296875,25284.318127397073
2019-08-15,25495.4609375,25305.296643022073
2019-08-16,25734.220703125,25498.478283647073
2019-08-19,26291.83984375,25737.238049272073
2019-08-20,26231.5390625,26294.857189897073
2019-08-21,26270.0390625,26234.556408647073
2019-08-22,26048.720703125,26273.056408647073
2019-08-23,26179.330078125,26051.738049272073
2019-08-26,25680.330078125,26182.347424272073
2019-08-27,25664.0703125,25683.347424272073
2019-08-28,25615.48046875,25667.087658647073
2019-08-29,25703.5,25618.497814897073
2019-08-30,25724.73046875,25706.517346147073
2019-09-02,25626.55078125,25727.747814897073
2019-09-03,25527.849609375,25629.568127397073
2019-09-04,26523.23046875,25530.866955522073
2019-09-05,26515.529296875,26526.247814897073
2019-09-06,26690.759765625,26518.546643022073
2019-09-09,26681.400390625,26693.777111772073
2019-09-10,26683.6796875,26684.417736772073
2019-09-11,27159.060546875,26686.697033647073
2019-09-12,27087.630859375,27162.077893022073
2019-09-13,27352.689453125,27090.648205522073
2019-09-16,27124.55078125,27355.706799272073
2019-09-17,26790.240234375,27127.568127397073
2019-09-18,26754.119140625,26793.257580522073
2019-09-19,26468.94921875,26757.136486772073
2019-09-20,26435.669921875,26471.966564897073
2019-09-23,26222.400390625,26438.687268022073
2019-09-24,26281.0,26225.417736772073
2019-09-25,25945.349609375,26284.017346147073
2019-09-26,26041.9296875,25948.366955522073
2019-09-27,25954.810546875,26044.947033647073
2019-09-30,26092.26953125,25957.827893022073
2019-10-02,26042.689453125,26095.286877397073
2019-10-03,26110.310546875,26045.706799272073
2019-10-04,25821.029296875,26113.327893022073
2019-10-08,25893.400390625,25824.046643022073
2019-10-09,25682.810546875,25896.417736772073
2019-10-10,25707.9296875,25685.827893022073
2019-10-11,26308.439453125,25710.947033647073
2019-10-14,26521.849609375,26311.456799272073
2019-10-15,26503.9296875,26524.866955522073
2019-10-16,26664.279296875,26506.947033647073
2019-10-17,26848.490234375,26667.296643022073
2019-10-18,26719.580078125,26851.507580522073
2019-10-21,26725.6796875,26722.597424272073
2019-10-22,26786.19921875,26728.697033647073
2019-10-23,26566.73046875,26789.216564897073
2019-10-24,26797.94921875,26569.747814897073
2019-10-25,26667.390625,26800.966564897073
2019-10-28,26891.259765625,26670.407971147073
2019-10-29,26786.759765625,26894.277111772073
2019-10-30,26667.7109375,26789.777111772073
2019-10-31,26906.720703125,26670.728283647073
2019-11-01,27100.759765625,26909.738049272073
2019-11-04,27547.30078125,27103.777111772073
2019-11-05,27683.400390625,27550.318127397073
2019-11-06,27688.640625,27686.417736772073
2019-11-07,27847.23046875,27691.657971147073
2019-11-08,27651.140625,27850.247814897073
2019-11-11,26926.55078125,27654.157971147073
2019-11-12,27065.279296875,26929.568127397073
2019-11-13,26571.4609375,27068.296643022073
2019-11-14,26323.689453125,26574.478283647073
2019-11-15,26326.66015625,26326.706799272073
2019-11-18,26681.08984375,26329.677502397073
2019-11-19,27093.80078125,26684.107189897073
2019-11-20,26889.609375,27096.819456803216
2019-11-21,26466.880859375,26892.628050553216
2019-11-22,26595.080078125,26469.899534928216
2019-11-25,26993.0390625,26598.098753678216
2019-11-26,26913.919921875,26996.057738053216
2019-11-27,26954.0,26916.938597428216
2019-11-28,26893.73046875,26957.018675553216
2019-11-29,26346.490234375,26896.749144303216
2019-12-02,26444.720703125,26349.508909928216
2019-12-03,26391.30078125,26447.739378678216
2019-12-04,26062.560546875,26394.319456803216
2019-12-05,26217.0390625,26065.579222428216
2019-12-06,26498.369140625,26220.057738053216
2019-12-09,26494.73046875,26501.387816178216
2019-12-10,26436.619140625,26497.749144303216
2019-12-11,26645.4296875,26439.637816178216
2019-12-12,26994.140625,26648.448363053216
2019-12-13,27687.759765625,26997.159300553216
2019-12-16,27508.08984375,27690.778441178216
2019-12-17,27843.7109375,27511.108519303216
2019-12-18,27884.2109375,27846.729613053216
2019-12-19,27800.490234375,27887.229613053216
2019-12-20,27871.349609375,27803.508909928216
2019-12-23,27906.41015625,27874.368284928216
2019-12-24,27864.2109375,27909.428831803216
2019-12-27,28225.419921875,27867.229613053216
2019-12-30,28319.390625,28228.438597428216
2019-12-31,28189.75,28322.409300553216
2020-01-02,28543.51953125,28192.768675553216
2020-01-03,28451.5,28546.538206803216
2020-01-06,28226.189453125,28454.518675553216
2020-01-07,28322.060546875,28229.208128678216
2020-01-08,28087.919921875,28325.079222428216
2020-01-09,28561.0,28090.938597428216
2020-01-10,28638.19921875,28564.018675553216
2020-01-13,28954.939453125,28641.217894303216
2020-01-14,28885.140625,28957.958128678216
2020-01-15,28773.58984375,28888.159300553216
2020-01-16,28883.0390625,28776.608519303216
2020-01-17,29056.419921875,28886.057738053216
2020-01-20,28795.91015625,29059.438597428216
2020-01-21,27985.330078125,28798.928831803216
2020-01-22,28341.0390625,27988.348753678216
2020-01-23,27909.119140625,28344.057738053216
2020-01-24,27949.640625,27912.180705281495
2020-01-29,27160.630859375,27952.702189656495
2020-01-30,26449.130859375,27163.692424031495
2020-01-31,26312.630859375,26452.192424031495
2020-02-03,26356.98046875,26315.692424031495
2020-02-04,26675.98046875,26360.042033406495
2020-02-05,26786.740234375,26679.042033406495
2020-02-06,27493.69921875,26789.801799031495
2020-02-07,27404.26953125,27496.754862932867
2020-02-10,27241.33984375,27407.325175432867
2020-02-11,27583.880859375,27244.395487932867
2020-02-12,27823.66015625,27586.936503557867
2020-02-13,27730.0,27826.715800432867
2020-02-14,27815.599609375,27733.055644182867
2020-02-17,27959.599609375,27818.655253557867
2020-02-18,27530.19921875,27962.655253557867
2020-02-19,27655.810546875,27533.254862932867
2020-02-20,27609.16015625,27658.866191057867
2020-02-21,27308.810546875,27612.215800432867
2020-02-24,26820.880859375,27311.866191057867
2020-02-25,26893.23046875,26823.936503557867
2020-02-26,26696.490234375,26896.286112932867
2020-02-27,26778.619140625,26699.545878557867
2020-02-28,26129.9296875,26781.674784807867
2020-03-02,26291.6796875,26132.985331682867
2020-03-03,26284.8203125,26294.735331682867
2020-03-04,26222.0703125,26287.875956682867
2020-03-05,26767.869140625,26225.125956682867
2020-03-06,26146.669921875,26770.924784807867
2020-03-09,25040.4609375,26149.725566057867
2020-03-10,25392.509765625,25043.272153429694
2020-03-11,25231.609375,25395.320981554694
2020-03-12,24309.0703125,25234.420590929694
2020-03-13,24032.91015625,24311.881528429694
2020-03-16,23063.5703125,24035.721372179694
2020-03-17,23263.73046875,23066.216400046105
2020-03-18,22291.8203125,23266.376556296105
2020-03-19,21709.130859375,22294.466400046105
2020-03-20,22805.0703125,21711.776946921105
2020-03-23,21696.130859375,22807.580228348117
2020-03-24,22663.490234375,21698.547587616864
2020-03-25,23527.189453125,22665.906962616864
2020-03-26,23352.33984375,23529.675720719508
2020-03-27,23484.279296875,23354.826111344508
2020-03-30,23175.109375,23486.765564469508
2020-03-31,23603.48046875,23177.595642594508
2020-04-01,23085.7890625,23605.966736344508
2020-04-02,23280.060546875,23088.275330094508
2020-04-03,23236.109375,23282.546814469508
2020-04-06,23749.119140625,23238.595642594508
2020-04-07,24253.2890625,23751.605408219508
2020-04-08,23970.369140625,24255.775330094508
2020-04-09,24300.330078125,23972.855408219508
2020-04-14,24435.400390625,24302.816345719508
2020-04-15,24145.33984375,24437.886658219508
2020-04-16,24006.44921875,24147.826111344508
2020-04-17,24380.0,24008.935486344508
2020-04-20,24330.01953125,24382.486267594508
2020-04-21,23793.55078125,24332.505798844508
2020-04-22,23893.359375,23796.037048844508
2020-04-23,23977.3203125,23895.845642594508
2020-04-24,23831.330078125,23979.806580094508
2020-04-27,24280.140625,23833.816345719508
2020-04-28,24575.9609375,24282.626892594508
2020-04-29,24643.58984375,24578.447205094508
2020-05-04,23613.80078125,24646.076111344508
2020-05-05,23868.66015625,23616.32239977738
2020-05-06,24137.48046875,23871.18177477738
2020-05-07,23980.630859375,24140.00208727738
2020-05-08,24230.169921875,23983.15247790238
2020-05-11,24602.060546875,24232.69154040238
2020-05-12,24245.6796875,24604.58216540238
2020-05-13,24180.30078125,24248.20130602738
2020-05-14,23829.740234375,24182.82239977738
2020-05-15,23797.470703125,23832.26185290238
2020-05-18,23934.76953125,23799.99232165238
2020-05-19,24388.130859375,23937.29114977738
2020-05-20,24399.94921875,24390.65247790238
2020-05-21,24280.029296875,24402.47083727738
2020-05-22,22930.140625,24282.55091540238
2020-05-25,22952.240234375,22932.636214933966
2020-05-26,23384.66015625,22954.735824308966
2020-05-27,23301.359375,23387.155746183966
2020-05-28,23132.759765625,23303.854964933966
2020-05-29,22961.470703125,23135.255355558966
2020-06-01,23732.51953125,22963.966293058966
2020-06-02,23995.939453125,23735.015121183966
2020-06-03,24325.619140625,23998.435043058966
2020-06-04,24366.30078125,24328.114730558966
2020-06-05,24770.41015625,24368.796371183966
2020-06-08,24776.76953125,24772.905746183966
2020-06-09,25057.220703125,24779.265121183966
2020-06-10,25049.73046875,25059.716293058966
2020-06-11,24480.150390625,25052.226058683966
2020-06-12,24301.380859375,24482.645980558966
2020-06-15,23776.94921875,24303.876449308966
2020-06-16,24344.08984375,23779.444808683966
2020-06-17,24481.41015625,24346.65716125428
2020-06-18,24464.939453125,24483.97747375428
2020-06-19,24643.890625,24467.50677062928
2020-06-22,24511.33984375,24646.45794250428
2020-06-23,24907.33984375,24513.90716125428
2020-06-24,24781.580078125,24909.90716125428
2020-06-26,24549.990234375,24784.14739562928
2020-06-29,24301.279296875,24552.55755187928
2020-06-30,24427.189453125,24303.84661437928
2020-07-02,25124.189453125,24429.75677062928
2020-07-03,25373.119140625,25126.75677062928
2020-07-06,26339.16015625,25375.68645812928
2020-07-07,25975.66015625,26341.72747375428
2020-07-08,26129.1796875,25978.36935968172
2020-07-09,26210.16015625,26131.88889093172
2020-07-10,25727.41015625,26212.86935968172
2020-07-13,25772.119140625,25730.11935968172
2020-07-14,25477.890625,25774.82834405672
2020-07-15,25481.580078125,25480.59982843172
2020-07-16,24970.689453125,25484.28928155672
2020-07-17,25089.169921875,24973.39865655672
2020-07-20,25057.990234375,25091.87912530672
2020-07-21,25635.66015625,25060.69943780672
2020-07-22,25057.939453125,25638.36935968172
2020-07-23,25263.0,25060.64865655672
2020-07-24,24705.330078125,25265.70920343172
2020-07-27,24603.259765625,24708.03928155672
2020-07-28,24772.759765625,24605.96896905672
2020-07-29,24883.140625,24775.46896905672
2020-07-30,24710.58984375,24885.84982843172
2020-07-31,24595.349609375,24713.29904718172
2020-08-03,24458.130859375,24598.05881280672
2020-08-04,24946.630859375,24460.84006280672
2020-08-05,25102.5390625,24949.34006280672
2020-08-06,24930.580078125,25105.24826593172
2020-08-07,24531.619140625,24933.28928155672
2020-08-10,24377.4296875,24534.32834405672
2020-08-11,24890.6796875,24380.13889093172
2020-08-12,25244.01953125,24893.38889093172
2020-08-13,25230.669921875,25246.72873468172
2020-08-14,25183.009765625,25233.37912530672
2020-08-17,25347.33984375,25185.71896905672
2020-08-18,25367.380859375,25350.04904718172
2020-08-19,25178.91015625,25370.09006280672
2020-08-20,24791.390625,25181.61935968172
2020-08-21,25113.83984375,24794.09982843172
2020-08-24,25551.580078125,25116.54904718172
2020-08-25,25486.220703125,25554.28928155672
2020-08-26,25491.7890625,25488.92990655672
2020-08-27,25281.150390625,25494.49826593172
2020-08-28,25422.060546875,25283.85959405672
2020-08-31,25177.05078125,25424.76975030672
2020-09-01,25184.849609375,25179.75998468172
2020-09-02,25120.08984375,25187.55881280672
2020-09-03,25007.599609375,25122.79904718172
2020-09-04,24695.44921875,25010.30881280672
2020-09-07,24589.650390625,24698.15842218172
2020-09-08,24624.33984375,24592.35959405672
2020-09-09,24468.9296875,24627.04904718172
2020-09-10,24313.5390625,24471.63889093172
2020-09-11,24503.310546875,24316.24826593172
2020-09-14,24640.279296875,24506.01975030672
2020-09-15,24732.759765625,24642.98850030672
2020-09-16,24725.630859375,24735.46896905672
2020-09-17,24340.849609375,24728.34006280672
2020-09-18,24455.41015625,24343.55881280672
2020-09-21,23950.689453125,24458.11935968172
2020-09-22,23716.849609375,23953.39865655672
2020-09-23,23742.509765625,23719.55881280672
2020-09-24,23311.0703125,23745.21896905672
2020-09-25,23235.419921875,23313.77951593172
2020-09-28,23476.05078125,23238.12912530672
2020-09-29,23275.529296875,23478.75998468172
2020-09-30,23459.05078125,23278.23850030672
2020-10-05,23767.779296875,23461.75998468172
2020-10-06,23980.650390625,23770.48850030672
2020-10-07,24242.859375,23983.35959405672
2020-10-08,24193.349609375,24245.56857843172
2020-10-09,24119.130859375,24196.05881280672
2020-10-12,24649.6796875,24121.84006280672
2020-10-14,24667.08984375,24652.38889093172
2020-10-15,24158.5390625,24669.79904718172
2020-10-16,24386.7890625,24161.24826593172
2020-10-19,24542.259765625,24389.49826593172
2020-10-20,24569.5390625,24544.96896905672
2020-10-21,24754.419921875,24572.24826593172
2020-10-22,24786.130859375,24757.12912530672
2020-10-23,24918.779296875,24788.84006280672
2020-10-27,24787.189453125,24921.48850030672
2020-10-28,24708.80078125,24789.89865655672
2020-10-29,24586.599609375,24711.50998468172
2020-10-30,24107.419921875,24589.30881280672
2020-11-02,24460.009765625,24110.12912530672
2020-11-03,24939.73046875,24462.71896905672
2020-11-04,24886.140625,24942.43967218172
2020-11-05,25695.919921875,24888.84982843172
2020-11-06,25712.970703125,25698.65814360331
2020-11-09,26016.169921875,25715.70892485331
2020-11-10,26301.48046875,26018.90814360331
2020-11-11,26226.98046875,26304.21869047831
2020-11-12,26169.380859375,26229.71869047831
2020-11-13,26156.859375,26172.11908110331
2020-11-16,26381.669921875,26159.59759672831
2020-11-17,26415.08984375,26384.40814360331
2020-11-18,26544.2890625,26417.82806547831
2020-11-19,26356.970703125,26547.02728422831
2020-11-20,26451.5390625,26359.70892485331
2020-11-23,26486.19921875,26454.27728422831
2020-11-24,26588.19921875,26488.93744047831
2020-11-25,26669.75,26590.93744047831
2020-11-26,26819.44921875,26672.48822172831
2020-11-27,26894.6796875,26822.18744047831
2020-11-30,26341.490234375,26897.41790922831
2020-12-01,26567.6796875,26344.22845610331
2020-12-02,26532.580078125,26570.41790922831
2020-12-03,26728.5,26535.31829985331
2020-12-04,26835.919921875,26731.23822172831
2020-12-07,26506.849609375,26838.65814360331
2020-12-08,26304.560546875,26509.58783110331
2020-12-09,26502.83984375,26307.29876860331
2020-12-10,26410.58984375,26505.57806547831
2020-12-11,26505.869140625,26413.32806547831
2020-12-14,26389.51953125,26508.60736235331
2020-12-15,26207.2890625,26392.25775297831
2020-12-16,26460.2890625,26210.02728422831
2020-12-17,26678.380859375,26463.02728422831
2020-12-18,26498.599609375,26681.11908110331
2020-12-21,26306.6796875,26501.33783110331
2020-12-22,26119.25,26309.41790922831
2020-12-23,26343.099609375,26121.98822172831
2020-12-24,26386.560546875,26345.83783110331
2020-12-28,26314.630859375,26389.29876860331
2020-12-29,26568.490234375,26317.36908110331
2020-12-30,27147.109375,26571.22845610331
2020-12-31,27231.130859375,27149.84759672831
2021-01-04,27472.810546875,27233.86908110331
2021-01-05,27649.859375,27475.54876860331
2021-01-06,27692.30078125,27652.59759672831
2021-01-07,27548.51953125,27695.03900297831
2021-01-08,27878.220703125,27551.25775297831
2021-01-11,27908.220703125,27880.95892485331
2021-01-12,28276.75,27910.95892485331
2021-01-13,28235.599609375,28279.48822172831
2021-01-14,28496.859375,28238.33783110331
2021-01-15,28573.859375,28499.59759672831
2021-01-18,28862.76953125,28576.59759672831
2021-01-19,29642.279296875,28865.50775297831
2021-01-20,29962.470703125,29645.01751860331
2021-01-21,29927.759765625,29965.20892485331
2021-01-22,29447.849609375,29930.49798735331
2021-01-25,30159.009765625,29450.58783110331
2021-01-26,29391.259765625,30161.74798735331
2021-01-27,29297.529296875,29393.99798735331
2021-01-28,28550.76953125,29300.26751860331
2021-01-29,28283.7109375,28553.701758204206
2021-02-01,28892.859375,28286.643164454206
2021-02-02,29248.69921875,28895.791601954206
2021-02-03,29307.4609375,29251.631445704206
2021-02-04,29113.5,29310.393164454206
2021-02-05,29288.6796875,29116.432226954206
2021-02-08,29319.470703125,29291.611914454206
2021-02-09,29476.189453125,29322.402930079206
2021-02-10,30038.720703125,29479.121680079206
2021-02-11,30173.5703125,30041.652930079206
2021-02-16,30746.66015625,30176.502539454206
2021-02-17,31084.939453125,30749.592383204206
2021-02-18,30595.26953125,31087.871680079206
2021-02-19,30644.73046875,30598.201758204206
2021-02-22,30319.830078125,30647.662695704206
2021-02-23,30632.640625,30322.762305079206
2021-02-24,29718.240234375,30635.572851954206
2021-02-25,30074.169921875,29721.32531272482
2021-02-26,28980.2109375,30077.25500022482
2021-03-01,29452.5703125,28983.29601584982
2021-03-02,29095.859375,29455.706915471877
2021-03-03,29880.419921875,29098.995977971877
2021-03-04,29236.7890625,29883.556524846877
2021-03-05,29098.2890625,29239.925665471877
2021-03-08,28540.830078125,29101.425665471877
2021-03-09,28773.23046875,28543.966681096877
2021-03-10,28907.51953125,28776.367071721877
2021-03-11,29385.609375,28910.656134221877
2021-03-12,28739.720703125,29388.76564826257
2021-03-15,28833.759765625,28742.87697638757
2021-03-16,29027.689453125,28836.91603888757
2021-03-17,29034.119140625,29030.84572638757
2021-03-18,29405.720703125,29037.27541388757
2021-03-19,28990.939453125,29408.87697638757
2021-03-22,28885.33984375,28994.09572638757
2021-03-23,28497.380859375,28888.49611701257
2021-03-24,27918.140625,28500.53713263757
2021-03-25,27899.609375,27921.29689826257
2021-03-26,28336.4296875,27902.76564826257
2021-03-29,28338.30078125,28339.58596076257
2021-03-30,28577.5,28341.45705451257
2021-03-31,28378.349609375,28580.65627326257
2021-04-01,28938.740234375,28381.50588263757
2021-04-07,28674.80078125,28941.89650763757
2021-04-08,29008.0703125,28677.95705451257
2021-04-09,28698.80078125,29011.22658576257
2021-04-12,28453.279296875,28701.95705451257
2021-04-13,28497.25,28456.43557013757
2021-04-14,28900.830078125,28500.40627326257
2021-04-15,28793.140625,28903.98635138757
2021-04-16,28969.7109375,28796.29689826257
2021-04-19,29106.150390625,28972.86721076257
2021-04-20,29135.73046875,29109.30666388757
2021-04-21,28621.919921875,29138.88674201257
2021-04-22,28755.33984375,28625.07619513757
2021-04-23,29078.75,28758.49611701257
2021-04-26,28952.830078125,29081.90627326257
2021-04-27,28941.5390625,28955.98635138757
2021-04-28,29071.33984375,28944.69533576257
2021-04-29,29303.259765625,29074.49611701257
2021-04-30,28724.880859375,29306.41603888757
2021-05-03,28357.5390625,28728.00159075218
2021-05-04,28557.140625,28360.65979387718
2021-05-05,28417.98046875,28560.26135637718
2021-05-06,28637.4609375,28421.10120012718
2021-05-07,28610.650390625,28640.58166887718
2021-05-10,28595.66015625,28613.77112200218
2021-05-11,28013.810546875,28598.78088762718
2021-05-12,28231.0390625,28016.93127825218
2021-05-13,27718.669921875,28234.15979387718
2021-05-14,28027.5703125,27721.79065325218
2021-05-17,28194.08984375,28030.69104387718
2021-05-18,28593.810546875,28197.21057512718
2021-05-20,28450.2890625,28596.93127825218
2021-05-21,28458.439453125,28453.40979387718
2021-05-24,28412.259765625,28461.56018450218
2021-05-25,28910.859375,28415.38049700218
2021-05-26,29166.009765625,28913.98010637718
2021-05-27,29113.19921875,29169.13049700218
2021-05-28,29124.41015625,29116.31995012718
2021-05-31,29151.80078125,29127.53088762718
2021-06-01,29468.0,29154.92151262718
2021-06-02,29297.619140625,29471.12073137718
2021-06-03,28966.029296875,29300.73987200218
2021-06-04,28918.099609375,28969.15002825218
2021-06-07,28787.279296875,28921.22034075218
2021-06-08,28781.380859375,28790.40002825218
2021-06-09,28742.630859375,28784.50159075218
2021-06-10,28738.880859375,28745.75159075218
2021-06-11,28842.130859375,28742.00159075218
2021-06-15,28638.529296875,28845.25159075218
2021-06-16,28436.83984375,28641.65002825218
2021-06-17,28558.58984375,28439.96057512718
2021-06-18,28801.26953125,28561.71057512718
2021-06-21,28489.0,28804.39026262718
2021-06-22,28309.759765625,28492.12073137718
2021-06-23,28817.0703125,28312.88049700218
2021-06-24,28882.4609375,28820.19104387718
2021-06-25,29288.220703125,28885.58166887718
2021-06-28,29268.30078125,29291.34143450218
2021-06-29,28994.099609375,29271.42151262718
2021-06-30,28827.94921875,28997.22034075218
2021-07-02,28310.419921875,28831.06995012718
2021-07-05,28143.5,28313.54065325218
2021-07-06,28072.859375,28146.62073137718
2021-07-07,27960.619140625,28075.98010637718
2021-07-08,27153.130859375,27963.73987200218
2021-07-09,27344.5390625,27156.25159075218
2021-07-12,27515.240234375,27347.65979387718
2021-07-13,27963.41015625,27518.36096575218
2021-07-14,27787.4609375,27966.53088762718
2021-07-15,27996.26953125,27790.58166887718
2021-07-16,28004.6796875,27999.39026262718
2021-07-19,27489.779296875,28007.80041887718
2021-07-20,27259.25,27492.90002825218
2021-07-21,27224.580078125,27262.37073137718
2021-07-22,27723.83984375,27227.70080950218
2021-07-23,27321.98046875,27726.96057512718
2021-07-26,26192.3203125,27324.984550022444
2021-07-27,25086.4296875,26195.324393772444
2021-07-28,25473.880859375,25089.147416460353
2021-07-29,26315.3203125,25476.598588335353
2021-07-30,25961.029296875,26318.038041460353
2021-08-02,26235.80078125,25963.747025835353
2021-08-03,26194.8203125,26238.518510210353
2021-08-04,26426.55078125,26197.538041460353
2021-08-05,26204.689453125,26429.268510210353
2021-08-06,26179.400390625,26207.407182085353
2021-08-09,26283.400390625,26182.118119585353
2021-08-10,26605.619140625,26286.118119585353
2021-08-11,26660.16015625,26608.336869585353
2021-08-12,26517.8203125,26662.877885210353
2021-08-13,26391.619140625,26520.538041460353
2021-08-16,26181.4609375,26394.336869585353
2021-08-17,25745.869140625,26184.178666460353
2021-08-18,25867.009765625,25748.586869585353
2021-08-19,25316.330078125,25869.727494585353
2021-08-20,24849.720703125,25319.047807085353
2021-08-23,25109.58984375,24852.438432085353
2021-08-24,25727.919921875,25112.307572710353
2021-08-25,25693.94921875,25730.632201305023
2021-08-26,25415.689453125,25696.661498180023
2021-08-27,25407.890625,25418.401732555023
2021-08-30,25539.5390625,25410.602904430023
2021-08-31,25878.990234375,25542.251341930023
2021-09-01,26028.2890625,25881.702513805023
2021-09-02,26090.4296875,26031.001341930023
2021-09-03,25901.990234375,26093.141966930023
2021-09-06,26163.630859375,25904.702513805023
2021-09-07,26353.630859375,26166.343138805023
2021-09-08,26320.9296875,26356.343138805023
2021-09-09,25716.0,26323.641966930023
2021-09-10,26205.91015625,25718.712279430023
2021-09-13,25813.810546875,26208.622435680023
2021-09-14,25502.23046875,25816.522826305023
2021-09-15,25033.2109375,25504.942748180023
2021-09-16,24667.849609375,25035.923216930023
2021-09-17,24920.759765625,24670.561888805023
2021-09-20,24099.140625,24923.472045055023
2021-09-21,24221.5390625,24101.852904430023
2021-09-23,24510.98046875,24224.251341930023
2021-09-24,24192.16015625,24513.692748180023
2021-09-27,24208.779296875,24194.872435680023
2021-09-28,24500.390625,24211.491576305023
2021-09-29,24663.5,24503.102904430023
2021-09-30,24575.640625,24666.212279430023
2021-10-04,24036.369140625,24578.352904430023
2021-10-05,24104.150390625,24038.97049649249
2021-10-06,23966.490234375,24106.75174649249
2021-10-07,24701.73046875,23969.09159024249
2021-10-08,24837.849609375,24704.33182461749
2021-10-11,25325.08984375,24840.45096524249
2021-10-12,24962.58984375,25327.69119961749
2021-10-15,25330.9609375,24965.19119961749
2021-10-18,25409.75,25333.56229336749
2021-10-19,25787.2109375,25412.35135586749
2021-10-20,26136.01953125,25789.81229336749
2021-10-21,26017.529296875,26138.62088711749
2021-10-22,26126.9296875,26020.13065274249
2021-10-25,26132.029296875,26129.53104336749
2021-10-26,26038.26953125,26134.63065274249
2021-10-27,25628.740234375,26040.87088711749
2021-10-28,25555.73046875,25631.34159024249
2021-10-29,25377.240234375,25558.33182461749
2021-11-01,25154.3203125,25379.84159024249
2021-11-02,25099.669921875,25156.92166836749
2021-11-03,25024.75,25102.27127774249
2021-11-04,25225.189453125,25027.35135586749
2021-11-05,24870.509765625,25227.79080899249
2021-11-08,24763.76953125,24873.11112149249
2021-11-09,24813.130859375,24766.37088711749
2021-11-10,24996.140625,24815.73221524249
2021-11-11,25247.990234375,24998.74198086749
2021-11-12,25327.970703125,25250.59159024249
2021-11-15,25390.91015625,25330.57205899249
2021-11-16,25713.779296875,25393.51151211749
2021-11-17,25650.080078125,25716.38065274249
2021-11-18,25319.720703125,25652.68143399249
2021-11-19,25049.970703125,25322.32205899249
2021-11-22,24951.33984375,25052.57205899249
2021-11-23,24651.580078125,24953.94119961749
2021-11-24,24685.5,24654.18143399249
2021-11-25,24740.16015625,24688.10135586749
2021-11-26,24080.51953125,24742.76151211749
2021-11-29,23852.240234375,24083.12088711749
2021-11-30,23475.259765625,23854.84159024249
2021-12-01,23658.919921875,23477.86112149249
2021-12-02,23788.9296875,23661.52127774249
2021-12-03,23766.689453125,23791.53104336749
2021-12-06,23349.380859375,23769.29080899249
2021-12-07,23983.66015625,23351.98221524249
2021-12-08,23996.869140625,23986.26151211749
2021-12-09,24254.859375,23999.47049649249
2021-12-10,23995.720703125,24257.46073086749
2021-12-13,23954.580078125,23998.32205899249
2021-12-14,23635.94921875,23957.18143399249
2021-12-15,23420.759765625,23638.55057461749
2021-12-16,23475.5,23423.36112149249
2021-12-17,23192.630859375,23478.10135586749
2021-12-20,22744.859375,23195.23221524249
2021-12-21,22971.330078125,22747.46073086749
2021-12-22,23102.330078125,22973.93143399249
2021-12-23,23193.640625,23104.93143399249
2021-12-24,23223.759765625,23196.24198086749
2021-12-28,23280.560546875,23226.36112149249
2021-12-29,23086.5390625,23283.16190274249
2021-12-30,23112.009765625,23089.14041836749
2021-12-31,23397.669921875,23114.61112149249
2022-01-03,23274.75,23400.27127774249
2022-01-04,23289.83984375,23277.35135586749
2022-01-05,22907.25,23292.44119961749
2022-01-06,23072.859375,22909.85135586749
2022-01-07,23493.380859375,23075.46073086749
2022-01-10,23746.5390625,23495.98221524249
2022-01-11,23739.060546875,23749.14041836749
2022-01-12,24402.169921875,23741.66190274249
2022-01-13,24429.76953125,24404.77127774249
2022-01-14,24383.3203125,24432.37088711749
2022-01-17,24218.029296875,24385.92166836749
2022-01-18,24112.779296875,24220.63065274249
2022-01-19,24127.849609375,24115.38065274249
2022-01-20,24952.349609375,24130.45096524249
2022-01-21,24965.55078125,24954.942963594105
2022-01-24,24656.4609375,24968.144135469105
2022-01-25,24243.609375,24659.054291719105
2022-01-26,24289.900390625,24246.202729219105
2022-01-27,23807.0,24292.493744844105
2022-01-28,23550.080078125,23809.593354219105
2022-01-31,23802.259765625,23552.673432344105
2022-02-04,24573.2890625,23804.853119844105
2022-02-07,24579.55078125,24575.882416719105
2022-02-08,24329.490234375,24582.144135469105
2022-02-09,24829.990234375,24332.083588594105
2022-02-10,24924.349609375,24832.583588594105
2022-02-11,24906.66015625,24926.942963594105
2022-02-14,24556.5703125,24909.253510469105
2022-02-15,24355.7109375,24559.163666719105
2022-02-16,24718.900390625,24358.304291719105
2022-02-17,24792.76953125,24721.493744844105
2022-02-18,24327.7109375,24795.362885469105
2022-02-21,24170.0703125,24330.304291719105
2022-02-22,23520.0,24172.663666719105
2022-02-23,23660.279296875,23522.50034222478
2022-02-24,22901.560546875,23662.77963909978
2022-02-25,22767.1796875,22904.06088909978
2022-02-28,22713.01953125,22769.68002972478
2022-03-01,22761.7109375,22715.51987347478
2022-03-02,22343.919921875,22764.21127972478
2022-03-03,22467.33984375,22346.42026409978
2022-03-04,21905.2890625,22469.84018597478
2022-03-07,21057.630859375,21907.78940472478
2022-03-08,20765.869140625,21060.13120159978
2022-03-09,20627.7109375,20768.129523674663
2022-03-10,20890.259765625,20629.971320549663
2022-03-11,20553.7890625,20892.520148674663
2022-03-14,19531.66015625,20556.049445549663
2022-03-15,18415.080078125,19533.920539299663
2022-03-16,20087.5,18416.98491585752
2022-03-17,21501.23046875,20089.4878868724
2022-03-18,21412.400390625,21503.315126890717
2022-03-21,21221.33984375,21414.485048765717
2022-03-22,21889.279296875,21223.424501890717
2022-03-23,22154.080078125,21891.363955015717
2022-03-24,21945.94921875,22156.164736265717
2022-03-25,21404.880859375,21948.033876890717
2022-03-28,21684.970703125,21406.965517515717
2022-03-29,21927.630859375,21687.055361265717
2022-03-30,22232.029296875,21929.715517515717
2022-03-31,21996.849609375,22234.113955015717
2022-04-01,22039.55078125,21998.934267515717
2022-04-04,22502.310546875,22041.635439390717
2022-04-06,22080.51953125,22504.395205015717
2022-04-07,21808.98046875,22082.604189390717
2022-04-08,21872.009765625,21811.065126890717
2022-04-11,21208.30078125,21874.094423765717
2022-04-12,21319.130859375,21210.385439390717
2022-04-13,21374.369140625,21321.215517515717
2022-04-14,21518.080078125,21376.453798765717
2022-04-19,21027.759765625,21520.164736265717
2022-04-20,20944.669921875,21029.844423765717
2022-04-21,20682.220703125,20946.754580015717
2022-04-22,20638.51953125,20684.305361265717
2022-04-25,19869.33984375,20640.604189390717
2022-04-26,19934.7109375,19871.37386393069
2022-04-27,19946.359375,19936.74495768069
2022-04-28,20276.169921875,19948.39339518069
2022-04-29,21089.390625,20278.20394205569
2022-05-03,21101.890625,21091.42464518069
2022-05-04,20869.51953125,21103.92464518069
2022-05-05,20793.400390625,20871.55355143069
2022-05-06,20001.9609375,20795.43441080569
2022-05-10,19633.689453125,20003.99495768069
2022-05-11,19824.5703125,19635.72347330569
2022-05-12,19380.33984375,19826.60433268069
2022-05-13,19898.76953125,19382.37386393069
2022-05-16,19950.2109375,19900.778943251193
2022-05-17,20602.51953125,19952.220349501193
2022-05-18,20644.279296875,20604.528943251193
2022-05-19,20120.6796875,20646.288708876193
2022-05-20,20717.240234375,20122.689099501193
2022-05-23,20470.060546875,20719.249646376193
2022-05-24,20112.099609375,20472.069958876193
2022-05-25,20171.26953125,20114.109021376193
2022-05-26,20116.19921875,20173.278943251193
2022-05-27,20697.359375,20118.208630751193
2022-05-30,21123.9296875,20699.368787001193
2022-05-31,21415.19921875,21125.939099501193
2022-06-01,21294.939453125,21417.208630751193
2022-06-02,21082.130859375,21296.948865126193
2022-06-06,21653.900390625,21084.140271376193
2022-06-07,21531.669921875,21655.909802626193
2022-06-08,22014.58984375,21533.679333876193
2022-06-09,21869.05078125,22016.71118602198
2022-06-10,21806.1796875,21871.17212352198
2022-06-13,21067.580078125,21808.30102977198
2022-06-14,21067.990234375,21069.70142039698
2022-06-15,21308.2109375,21070.11157664698
2022-06-16,20845.4296875,21310.33227977198
2022-06-17,21075.0,20847.55102977198
2022-06-20,21163.91015625,21077.12134227198
2022-06-21,21559.58984375,21166.03149852198
2022-06-22,21008.33984375,21561.71118602198
2022-06-23,21273.869140625,21010.46118602198
2022-06-24,21719.060546875,21275.99048289698
2022-06-27,22229.51953125,21721.18188914698
2022-06-28,22418.970703125,22231.64087352198
2022-06-29,21996.890625,22421.09204539698
2022-06-30,21859.7890625,21999.01196727198
2022-07-04,21830.349609375,21861.91040477198
2022-07-05,21853.0703125,21832.47095164698
2022-07-06,21586.66015625,21855.19165477198
2022-07-07,21643.580078125,21588.78149852198
2022-07-08,21725.779296875,21645.70142039698
2022-07-11,21124.19921875,21727.90063914698
2022-07-12,20844.740234375,21126.32056102198
2022-07-13,20797.94921875,20846.86157664698
2022-07-14,20751.2109375,20800.07056102198
2022-07-15,20297.720703125,20753.33227977198
2022-07-18,20846.1796875,20299.84204539698
2022-07-19,20661.060546875,20848.28181690267
2022-07-20,20890.220703125,20663.16267627767
2022-07-21,20574.630859375,20892.32283252767
2022-07-22,20609.140625,20576.73298877767
2022-07-25,20562.939453125,20611.24275440267
2022-07-26,20905.880859375,20565.04158252767
2022-07-27,20670.0390625,20907.98298877767
2022-07-28,20622.6796875,20672.14119190267
2022-07-29,20156.509765625,20624.78181690267
2022-08-01,20165.83984375,20158.61189502767
2022-08-02,19689.2109375,20167.94197315267
2022-08-03,19767.08984375,19691.31306690267
2022-08-04,20174.0390625,19769.19197315267
2022-08-05,20201.939453125,20176.14119190267
2022-08-08,20045.76953125,20204.04158252767
2022-08-09,20003.439453125,20047.87166065267
2022-08-10,19610.83984375,20005.54158252767
2022-08-11,20082.4296875,19612.94197315267
2022-08-12,20175.619140625,20084.53181690267
2022-08-15,20040.859375,20177.72127002767
2022-08-16,19830.51953125,20042.96150440267
2022-08-17,19922.44921875,19832.62166065267
2022-08-18,19763.91015625,19924.55134815267
2022-08-19,19773.029296875,19766.01228565267
2022-08-22,19656.98046875,19775.13142627767
2022-08-23,19503.25,19659.08259815267
2022-08-24,19268.740234375,19505.35212940267
2022-08-25,19968.380859375,19270.84236377767
2022-08-26,20170.0390625,19970.48298877767
2022-08-29,20023.220703125,20172.14119190267
2022-08-30,19949.029296875,20025.32283252767
2022-08-31,19954.390625,19951.13142627767
2022-09-01,19597.310546875,19956.49275440267
2022-09-02,19452.08984375,19599.41267627767
2022-09-05,19225.69921875,19454.19197315267
2022-09-06,19202.73046875,19227.80134815267
2022-09-07,19044.30078125,19204.83259815267
2022-09-08,18854.619140625,19046.40291065267
2022-09-09,19362.25,18856.72127002767
2022-09-13,19326.859375,19364.35212940267
2022-09-14,18847.099609375,19328.96150440267
2022-09-15,18930.380859375,18849.20173877767
2022-09-16,18761.689453125,18932.48298877767
2022-09-19,18565.970703125,18763.79158252767
2022-09-20,18781.419921875,18568.07283252767
2022-09-21,18444.619140625,18783.52205127767
2022-09-22,18147.94921875,18446.72127002767
2022-09-23,17933.26953125,18150.05134815267
2022-09-26,17855.140625,17935.37166065267
2022-09-27,17860.310546875,17857.24275440267
2022-09-28,17250.880859375,17862.41267627767
2022-09-29,17165.869140625,17252.98298877767
2022-09-30,17222.830078125,17167.97127002767
2022-10-03,17079.509765625,17224.93220752767
2022-10-05,18087.970703125,17081.61189502767
2022-10-06,18012.150390625,18090.07283252767
2022-10-07,17740.05078125,18014.25252002767
2022-10-10,17216.66015625,17742.15291065267
2022-10-11,16832.359375,17218.50067507339
2022-10-12,16701.029296875,16834.19989382339
2022-10-13,16389.109375,16702.86981569839
2022-10-14,16587.689453125,16390.94989382339
2022-10-17,16612.900390625,16589.52997194839
2022-10-18,16914.580078125,16614.74090944839
2022-10-19,16511.279296875,16916.42059694839
2022-10-20,16280.2197265625,16513.11981569839
2022-10-21,16211.1201171875,16282.060245385892
2022-10-24,15180.6904296875,16212.96063601089
2022-10-25,15165.58984375,15182.53094851089
2022-10-26,15317.669921875,15167.43036257339
2022-10-27,15427.9404296875,15319.51044069839
2022-10-28,14863.0595703125,15429.78094851089
2022-10-31,14687.01953125,14864.90008913589
2022-11-01,15455.26953125,14688.86005007339
2022-11-02,15827.169921875,15456.888558022862
2022-11-03,15339.490234375,15828.788948647862
2022-11-04,16161.1396484375,15341.109261147862
2022-11-07,16595.91015625,16162.758675210362
2022-11-08,16557.310546875,16597.529183022863
2022-11-09,16358.51953125,16558.929573647863
2022-11-10,16081.0400390625,16360.13855802286
2022-11-11,17325.66015625,16082.659065835362
2022-11-14,17619.7109375,17327.30276372622
2022-11-15,18343.119140625,17621.35354497622
2022-11-16,18256.48046875,18344.76174810122
2022-11-17,18045.66015625,18258.12307622622
2022-11-18,17992.5390625,18047.30276372622
2022-11-21,17655.91015625,17994.18166997622
2022-11-22,17424.41015625,17657.55276372622
2022-11-23,17523.810546875,17426.05276372622
2022-11-24,17660.900390625,17525.45315435122
2022-11-25,17573.580078125,17662.54299810122
2022-11-28,17297.939453125,17575.22268560122
2022-11-29,18204.6796875,17299.58206060122
2022-11-30,18597.23046875,18206.32229497622
2022-12-01,18736.439453125,18598.87307622622
2022-12-02,18675.349609375,18738.08206060122
2022-12-05,19518.2890625,18676.99221685122
2022-12-06,19441.1796875,19520.073542768863
2022-12-07,18814.8203125,19442.964167768863
2022-12-08,19450.23046875,18816.604792768863
2022-12-09,19900.869140625,19452.014949018863
2022-12-12,19463.630859375,19902.653620893863
2022-12-13,19596.19921875,19465.415339643863
2022-12-14,19673.44921875,19597.983699018863
2022-12-15,19368.58984375,19675.233699018863
2022-12-16,19450.669921875,19370.374324018863
2022-12-19,19352.810546875,19452.454402143863
2022-12-20,19094.80078125,19354.595027143863
2022-12-21,19160.490234375,19096.585261518863
2022-12-22,19679.220703125,19162.274714643863
2022-12-23,19593.060546875,19681.005183393863
2022-12-28,19898.91015625,19594.845027143863
2022-12-29,19741.140625,19900.694636518863
2022-12-30,19781.41015625,19742.925105268863
2023-01-03,20145.2890625,19783.194636518863
2023-01-04,20793.109375,20147.073542768863
2023-01-05,21052.169921875,20794.893855268863
2023-01-06,20991.640625,21053.954402143863
2023-01-09,21388.33984375,20993.425105268863
2023-01-10,21331.4609375,21390.124324018863
2023-01-11,21436.05078125,21333.245417768863
2023-01-12,21514.099609375,21437.835261518863
2023-01-13,21738.66015625,21515.884089643863
2023-01-16,21746.720703125,21740.444636518863
2023-01-17,21577.640625,21748.505183393863
2023-01-18,21678.0,21579.425105268863
2023-01-19,21650.98046875,21679.784480268863
2023-01-20,22044.650390625,21652.764949018863
2023-01-26,22566.779296875,22046.434870893863
2023-01-27,22688.900390625,22568.563777143863
2023-01-30,22069.73046875,22690.684870893863
2023-01-31,21842.330078125,22071.514949018863
2023-02-01,22072.1796875,21844.114558393863
2023-02-02,21958.359375,22073.964167768863
2023-02-03,21660.470703125,21960.143855268863
2023-02-06,21222.16015625,21662.255183393863
2023-02-07,21298.69921875,21223.944636518863
2023-02-08,21283.51953125,21300.483699018863
2023-02-09,21624.359375,21285.304011518863
2023-02-10,21190.419921875,21626.143855268863
2023-02-13,21164.419921875,21192.371803993592
2023-02-14,21113.759765625,21166.371803993592
2023-02-15,20812.169921875,21115.711647743592
2023-02-16,20987.669921875,20814.121803993592
2023-02-17,20719.810546875,20989.621803993592
2023-02-20,20886.9609375,20721.762428993592
2023-02-21,20529.490234375,20888.912819618592
2023-02-22,20423.83984375,20531.442116493592
2023-02-23,20351.349609375,20425.791725868592
2023-02-24,20010.0390625,20353.301491493592
2023-02-27,19943.509765625,20011.990944618592
2023-02-28,19785.939453125,19945.461647743592
